{"stat.damageDealt":305,"stat.useItem.3":958,"stat.useItem.97":28,"achievement.exploreAllBiomes":{"value":0,"progress":["Sunflower Plains","Forest","Taiga M","Deep Ocean","Extreme Hills","Ocean","TaigaHills","Beach","Plains","River","ForestHills"]},"achievement.openInventory":22,"stat.useItem.323":2,"stat.drop":1,"stat.flyOneCm":3414888,"stat.useItem.155":1399,"stat.leaveGame":5,"stat.diveOneCm":952,"stat.useItem.383":8,"stat.useItem.159":2,"stat.playOneMinute":466742,"stat.killEntity.Pig":1,"stat.useItem.85":3,"stat.useItem.138":4,"stat.walkOneCm":41793,"stat.jump":72,"stat.swimOneCm":3827,"stat.useItem.35":528,"stat.mobKills":1}