{"stat.useItem.139":14,"stat.useItem.66":20,"stat.useItem.3":1496,"stat.useItem.126":1076,"stat.useItem.48":8,"stat.useItem.143":2,"stat.useItem.89":121,"achievement.openInventory":571,"stat.damageDealt":160,"stat.useItem.96":245,"stat.useItem.50":45,"stat.killEntity.Bat":157,"stat.useItem.323":55,"stat.useItem.173":15,"stat.useItem.338":40,"stat.useItem.351":261,"achievement.exploreAllBiomes":{"value":0,"progress":["Forest","Sunflower Plains","Extreme Hills+","Taiga M","Taiga","Ocean","Extreme Hills","Beach","Plains","TaigaHills","River","ForestHills"]},"stat.useItem.324":21,"stat.useItem.53":117,"stat.useItem.25":4,"stat.useItem.151":9,"stat.useItem.23":1,"stat.useItem.97":1,"stat.useItem.259":4,"stat.useItem.5":629,"stat.useItem.31":9,"stat.flyOneCm":5201987,"stat.useItem.160":394,"stat.useItem.95":15,"stat.useItem.38":27,"stat.useItem.47":62,"stat.useItem.4":252,"stat.useItem.355":5,"stat.useItem.380":40,"stat.useItem.321":89,"stat.useItem.152":3,"stat.useItem.69":51,"stat.climbOneCm":1746,"stat.useItem.45":37,"stat.useItem.156":6,"stat.useItem.87":2,"stat.killEntity.Chicken":28,"stat.useItem.39":3,"stat.useItem.136":47,"stat.drop":23,"stat.useItem.18":988,"stat.useItem.135":32,"stat.useItem.175":33,"stat.useItem.164":86,"stat.useItem.356":8,"stat.useItem.154":4,"stat.useItem.159":1580,"stat.useItem.106":63,"stat.useItem.17":93,"stat.craftItem.300":1,"stat.useItem.84":9,"stat.playOneMinute":1479194,"stat.useItem.123":79,"stat.useItem.108":4,"stat.leaveGame":35,"stat.diveOneCm":15026,"stat.useItem.6":97,"stat.useItem.158":3,"stat.useItem.131":1,"stat.useItem.330":4,"stat.useItem.287":214,"stat.useItem.54":6,"stat.useItem.109":147,"stat.useItem.61":2,"stat.useItem.85":54,"stat.craftItem.299":1,"stat.useItem.32":1,"stat.useItem.107":9,"stat.useItem.58":2,"stat.swimOneCm":19476,"stat.useItem.162":649,"stat.mobKills":185,"stat.useItem.42":3,"stat.useItem.171":151,"stat.useItem.390":53,"stat.useItem.397":8,"stat.useItem.98":604,"stat.walkOneCm":2714950,"stat.useItem.35":7,"stat.useItem.170":1,"stat.useItem.276":1,"stat.useItem.44":2024,"stat.useItem.67":23,"stat.jump":1409,"stat.useItem.1":2693,"stat.useItem.331":44,"stat.useItem.13":16,"stat.useItem.12":37,"stat.useItem.101":65}