{"achievement.openInventory":48,"stat.useItem.3":50,"stat.useItem.97":4,"achievement.exploreAllBiomes":{"value":0,"progress":["Forest","Sunflower Plains","Extreme Hills+","Taiga M","Ocean","Extreme Hills","Plains","Stone Beach","River"]},"stat.useItem.50":7,"stat.useItem.53":8,"stat.useItem.259":96,"stat.useItem.5":714,"stat.useItem.323":1,"stat.useItem.355":3,"stat.flyOneCm":539941,"stat.useItem.321":3,"stat.climbOneCm":1016,"stat.useItem.69":2,"stat.useItem.87":1,"stat.drop":4,"stat.useItem.47":10,"stat.useItem.4":113,"stat.useItem.70":2,"stat.leaveGame":2,"stat.useItem.116":2,"stat.useItem.383":1,"stat.useItem.158":1,"stat.useItem.330":2,"stat.useItem.54":13,"stat.playOneMinute":222762,"stat.useItem.109":12,"stat.useItem.17":8,"stat.useItem.61":6,"stat.useItem.123":3,"stat.useItem.58":7,"stat.swimOneCm":127,"stat.useItem.42":3,"stat.useItem.98":110,"stat.walkOneCm":129239,"stat.useItem.77":1,"stat.useItem.145":4,"stat.useItem.44":7,"stat.useItem.7":1,"stat.jump":148,"stat.useItem.1":3,"stat.useItem.20":39,"stat.useItem.331":17}