{"stat.useItem.3":1126,"stat.useItem.65":3,"stat.useItem.351":285,"achievement.exploreAllBiomes":{"value":0,"progress":["Forest","Sunflower Plains","Plains","Beach","River"]},"stat.useItem.324":36,"stat.useItem.126":7,"stat.useItem.53":9,"stat.useItem.30":3,"stat.useItem.72":10,"achievement.openInventory":137,"stat.useItem.361":4,"stat.useItem.23":1,"stat.useItem.96":12,"stat.useItem.323":3,"stat.useItem.5":2450,"stat.useItem.355":5,"stat.flyOneCm":497230,"stat.useItem.294":12,"stat.useItem.69":11,"stat.climbOneCm":340,"stat.useItem.38":34,"stat.useItem.156":16,"stat.drop":1,"stat.useItem.47":29,"stat.useItem.175":18,"stat.leaveGame":7,"stat.diveOneCm":1238,"stat.useItem.6":112,"stat.useItem.356":6,"stat.useItem.131":6,"stat.useItem.330":1,"stat.useItem.154":5,"stat.useItem.54":6,"stat.useItem.159":22,"stat.useItem.295":4,"stat.useItem.17":44,"stat.useItem.61":1,"stat.useItem.362":4,"stat.useItem.85":204,"stat.playOneMinute":308436,"stat.useItem.123":81,"stat.useItem.107":1,"stat.useItem.37":4,"stat.jump":876,"stat.swimOneCm":3024,"stat.useItem.331":114,"stat.useItem.42":27,"stat.useItem.171":159,"stat.useItem.102":11,"stat.walkOneCm":676922,"stat.useItem.77":8,"stat.useItem.35":4,"stat.useItem.44":20,"stat.useItem.148":2}