{"stat.useItem.146":1,"stat.useItem.3":287,"stat.useItem.65":7,"achievement.exploreAllBiomes":{"value":0,"progress":["Sunflower Plains","Forest","Extreme Hills+","Extreme Hills","Ocean","Plains","Beach","River","Stone Beach","ForestHills"]},"stat.useItem.324":31,"stat.useItem.126":10,"stat.useItem.53":31,"stat.useItem.30":5,"stat.useItem.72":11,"stat.useItem.89":12,"achievement.openInventory":187,"stat.damageDealt":80,"stat.useItem.50":38,"stat.useItem.323":11,"stat.useItem.5":1414,"stat.flyOneCm":1122616,"stat.useItem.95":102,"stat.useItem.38":25,"stat.useItem.47":39,"stat.useItem.4":19,"stat.useItem.355":16,"stat.useItem.380":1,"stat.useItem.321":98,"stat.useItem.152":2,"stat.climbOneCm":5629,"stat.useItem.156":14,"stat.killEntity.Chicken":1,"stat.drop":9,"stat.useItem.153":9,"stat.useItem.135":4,"stat.useItem.175":14,"stat.useItem.155":75,"stat.useItem.76":1,"stat.useItem.29":2,"stat.useItem.164":13,"stat.leaveGame":13,"stat.diveOneCm":3799,"achievement.mineWood":1,"stat.useItem.54":22,"stat.useItem.159":481,"stat.useItem.61":1,"stat.useItem.134":11,"stat.useItem.85":100,"stat.useItem.116":2,"stat.useItem.383":1,"stat.useItem.57":16,"stat.playOneMinute":463942,"stat.useItem.114":6,"stat.useItem.107":1,"stat.jump":556,"stat.useItem.58":3,"stat.swimOneCm":5332,"stat.useItem.20":6,"stat.useItem.162":52,"stat.mobKills":1,"stat.useItem.171":61,"stat.useItem.397":2,"stat.useItem.102":117,"stat.walkOneCm":392785,"stat.useItem.44":3,"stat.useItem.148":1}