{"stat.useItem.146":2,"stat.useItem.3":210,"stat.useItem.65":43,"achievement.exploreAllBiomes":{"value":0,"progress":["Sunflower Plains","Extreme Hills+","Deep Ocean","Ocean","Extreme Hills","TaigaHills","Plains","ForestHills","Forest","Taiga M","Beach","Stone Beach","River"]},"stat.useItem.324":3,"stat.useItem.126":36,"stat.useItem.143":15,"stat.useItem.30":13,"stat.useItem.72":2,"stat.useItem.89":52,"achievement.openInventory":327,"stat.useItem.151":1,"stat.damageDealt":200,"stat.useItem.23":17,"stat.useItem.96":2,"stat.useItem.50":2,"stat.useItem.259":40,"stat.useItem.49":1,"stat.useItem.5":4335,"stat.useItem.323":7,"stat.flyOneCm":2717585,"stat.useItem.33":10,"stat.useItem.95":104,"stat.useItem.38":17,"stat.useItem.86":5,"stat.useItem.152":59,"stat.useItem.69":12,"stat.climbOneCm":13971,"stat.useItem.45":46,"stat.useItem.156":1,"stat.useItem.87":32,"stat.drop":159,"stat.useItem.135":30,"stat.useItem.175":4,"stat.useItem.155":487,"stat.useItem.76":111,"stat.useItem.29":26,"stat.leaveGame":18,"stat.diveOneCm":18118,"stat.useItem.356":23,"stat.useItem.158":8,"stat.useItem.131":2,"stat.useItem.385":1,"stat.useItem.330":4,"stat.useItem.287":1,"stat.useItem.54":13,"stat.useItem.159":273,"stat.killEntity.Villager":1,"stat.useItem.17":4,"stat.useItem.61":4,"stat.useItem.85":7,"stat.playOneMinute":557647,"stat.useItem.123":97,"stat.useItem.37":2,"stat.useItem.108":54,"stat.swimOneCm":11717,"stat.mobKills":1,"stat.useItem.42":5,"stat.useItem.390":7,"stat.walkOneCm":1226824,"stat.useItem.77":25,"stat.useItem.35":746,"stat.useItem.44":210,"stat.jump":1177,"stat.useItem.1":733,"stat.useItem.20":357,"stat.useItem.331":442,"stat.useItem.102":20,"stat.useItem.128":2}