{"stat.useItem.89":912,"achievement.openInventory":73,"stat.useItem.338":6,"stat.useItem.151":31,"achievement.exploreAllBiomes":{"value":0,"progress":["Sunflower Plains","Forest","Extreme Hills+","Taiga M","Deep Ocean","Extreme Hills","Ocean","Plains","Beach","Stone Beach","River","ForestHills"]},"stat.useItem.50":1761,"stat.useItem.323":1,"stat.useItem.31":91,"stat.flyOneCm":6304876,"stat.useItem.321":24,"stat.useItem.152":2125,"stat.useItem.69":6,"stat.useItem.95":2262,"stat.climbOneCm":284,"stat.useItem.133":119,"stat.drop":70,"stat.useItem.155":971,"stat.leaveGame":19,"stat.useItem.29":27,"stat.diveOneCm":179500,"stat.useItem.159":2,"stat.playOneMinute":694013,"stat.useItem.123":199,"stat.useItem.37":7,"stat.useItem.85":6,"stat.deaths":1,"stat.jump":339,"stat.swimOneCm":30853,"stat.useItem.331":13,"stat.useItem.171":1,"stat.useItem.12":210,"stat.walkOneCm":203846,"stat.useItem.35":4390}