{"stat.useItem.174":2,"stat.useItem.338":11,"stat.useItem.3":2896,"stat.useItem.351":94,"achievement.exploreAllBiomes":{"value":0,"progress":["Sunflower Plains","Extreme Hills+","Taiga","Deep Ocean","Ocean","Extreme Hills","Plains","TaigaHills","ForestHills","Forest","Taiga M","Beach","River","Stone Beach"]},"stat.useItem.324":28,"stat.useItem.24":13,"stat.useItem.172":1,"stat.useItem.126":80,"stat.useItem.143":2,"stat.useItem.72":7,"stat.useItem.89":28,"achievement.openInventory":482,"stat.damageDealt":1430,"stat.useItem.23":2,"stat.useItem.96":37,"stat.useItem.50":59,"stat.useItem.259":5,"stat.useItem.5":324,"stat.useItem.323":51,"stat.useItem.293":19,"stat.flyOneCm":5161682,"stat.useItem.33":6,"stat.useItem.78":15,"stat.useItem.160":469,"stat.useItem.95":33,"stat.useItem.47":7,"stat.useItem.355":13,"stat.useItem.86":9,"stat.useItem.380":12,"stat.useItem.321":220,"stat.useItem.69":29,"stat.climbOneCm":5,"stat.useItem.45":43,"stat.useItem.156":288,"stat.useItem.87":3,"stat.killEntity.Chicken":17,"stat.drop":60,"stat.useItem.18":54,"stat.useItem.29":26,"stat.useItem.164":55,"stat.useItem.154":17,"stat.useItem.159":4286,"stat.useItem.106":11,"stat.useItem.17":31,"stat.useItem.84":1,"stat.playOneMinute":1462703,"stat.useItem.37":6,"stat.useItem.108":4,"stat.useItem.155":1300,"stat.useItem.70":12,"stat.useItem.76":34,"stat.leaveGame":17,"stat.diveOneCm":46341,"stat.useItem.6":12,"stat.useItem.158":4,"stat.useItem.391":17,"stat.useItem.330":9,"stat.useItem.287":6,"stat.useItem.54":24,"stat.useItem.109":59,"stat.useItem.61":4,"stat.useItem.134":1,"stat.useItem.85":278,"stat.useItem.80":1,"stat.useItem.383":1,"stat.useItem.79":9,"stat.useItem.114":16,"stat.useItem.22":6,"stat.swimOneCm":59110,"stat.useItem.113":8,"stat.mobKills":17,"stat.useItem.42":25,"stat.useItem.171":61,"stat.useItem.390":9,"stat.useItem.98":113,"stat.walkOneCm":1720514,"stat.useItem.77":18,"stat.useItem.2264":2,"stat.useItem.35":322,"stat.useItem.44":2017,"stat.useItem.276":17,"stat.useItem.148":9,"stat.useItem.82":2,"stat.jump":1369,"stat.useItem.1":285,"stat.useItem.20":13,"stat.useItem.331":53,"stat.useItem.12":511,"stat.useItem.102":76}