{"stat.useItem.139":6,"stat.useItem.130":2,"stat.useItem.338":63,"stat.useItem.3":2394,"stat.useItem.351":302,"achievement.exploreAllBiomes":{"value":0,"progress":["Forest","Sunflower Plains","Extreme Hills+","Taiga M","Taiga","Ocean","Extreme Hills","Beach","Plains","TaigaHills","Stone Beach","River","ForestHills"]},"stat.useItem.324":46,"stat.useItem.126":2742,"stat.useItem.48":8,"stat.useItem.30":77,"stat.useItem.89":172,"achievement.openInventory":430,"stat.useItem.23":30,"stat.useItem.96":57,"stat.useItem.50":428,"stat.useItem.259":26,"stat.useItem.49":35,"stat.useItem.323":43,"stat.useItem.5":2791,"stat.useItem.31":20,"stat.useItem.16":4,"stat.flyOneCm":5841012,"stat.useItem.33":7,"stat.useItem.78":158,"stat.useItem.160":39,"stat.useItem.95":76,"stat.useItem.38":7,"stat.useItem.47":16,"stat.useItem.4":652,"stat.useItem.355":6,"stat.useItem.86":16,"stat.useItem.380":6,"stat.useItem.321":71,"stat.useItem.69":13,"stat.climbOneCm":383,"stat.useItem.156":7,"stat.useItem.87":4,"stat.drop":36,"stat.useItem.18":234,"stat.useItem.175":2,"stat.useItem.164":888,"stat.useItem.29":8,"stat.useItem.356":15,"achievement.mineWood":1,"stat.useItem.159":395,"stat.useItem.106":5,"stat.useItem.17":346,"stat.useItem.14":3,"stat.useItem.84":2,"stat.playOneMinute":1520253,"stat.useItem.70":4,"stat.useItem.76":10,"stat.leaveGame":20,"stat.diveOneCm":32879,"stat.useItem.6":30,"stat.useItem.131":1,"stat.useItem.385":3,"stat.useItem.330":6,"stat.useItem.54":27,"stat.useItem.41":8,"stat.useItem.61":8,"stat.useItem.134":732,"stat.useItem.85":518,"stat.useItem.80":9,"stat.useItem.107":2,"stat.useItem.58":1,"stat.swimOneCm":57884,"stat.useItem.162":23,"stat.useItem.390":33,"stat.useItem.397":29,"stat.walkOneCm":3037835,"stat.useItem.77":17,"stat.useItem.35":276,"stat.useItem.44":572,"stat.jump":2524,"stat.useItem.13":376,"stat.useItem.12":97,"stat.useItem.161":2,"stat.useItem.42":9,"stat.useItem.389":2,"stat.useItem.171":519,"stat.useItem.98":3,"stat.useItem.67":236,"stat.useItem.148":2,"stat.useItem.1":247,"stat.useItem.20":256,"stat.useItem.331":35,"stat.useItem.138":3,"stat.useItem.102":43,"stat.useItem.101":36}