{"stat.useItem.139":61,"stat.useItem.3":448,"stat.useItem.351":463,"stat.useItem.292":113,"achievement.exploreAllBiomes":{"value":0,"progress":["Sunflower Plains","Forest","Extreme Hills+","Taiga M","Deep Ocean","Extreme Hills","Ocean","Plains","Beach","River","ForestHills"]},"stat.useItem.324":20,"stat.useItem.126":714,"stat.useItem.89":1,"achievement.openInventory":59,"stat.useItem.96":6,"stat.useItem.50":59,"stat.useItem.5":11,"stat.useItem.323":1,"stat.useItem.355":6,"stat.useItem.293":1,"stat.flyOneCm":887067,"stat.useItem.33":1,"stat.useItem.160":644,"stat.useItem.38":9,"stat.drop":9,"stat.useItem.47":5,"stat.useItem.4":53,"stat.useItem.76":8,"stat.leaveGame":5,"stat.useItem.164":102,"stat.useItem.6":77,"stat.useItem.131":1,"achievement.mineWood":1,"stat.useItem.154":9,"stat.useItem.54":9,"stat.useItem.295":74,"stat.useItem.17":446,"stat.useItem.61":1,"stat.useItem.134":258,"stat.useItem.85":152,"stat.playOneMinute":356882,"stat.jump":483,"stat.useItem.58":1,"stat.useItem.1":45,"stat.useItem.13":57,"stat.useItem.171":11,"stat.useItem.390":1,"stat.walkOneCm":441260,"stat.useItem.44":7}