{"stat.useItem.66":2,"stat.useItem.146":2,"stat.useItem.3":813,"achievement.exploreAllBiomes":{"value":0,"progress":["Sunflower Plains","Extreme Hills+","Deep Ocean","Ocean","Extreme Hills","Plains","Beach","River"]},"stat.useItem.324":6,"stat.useItem.24":3,"stat.useItem.126":28,"stat.useItem.53":42,"stat.useItem.89":11,"achievement.openInventory":110,"stat.damageDealt":275,"stat.useItem.96":14,"stat.useItem.323":4,"stat.useItem.355":6,"stat.flyOneCm":316096,"stat.useItem.33":6,"stat.useItem.160":10,"stat.useItem.156":29,"stat.drop":21,"stat.useItem.47":2,"stat.useItem.155":151,"stat.useItem.76":27,"stat.useItem.29":3,"stat.leaveGame":4,"stat.useItem.356":12,"stat.useItem.330":3,"stat.useItem.54":4,"stat.useItem.159":1079,"stat.killEntity.Villager":1,"stat.useItem.109":65,"stat.useItem.17":14,"stat.useItem.61":4,"stat.useItem.272":4,"stat.useItem.134":24,"stat.useItem.85":15,"stat.useItem.383":1,"stat.playOneMinute":94180,"stat.useItem.58":2,"stat.useItem.113":4,"stat.useItem.161":159,"stat.mobKills":1,"stat.useItem.42":9,"stat.useItem.390":8,"stat.useItem.98":90,"stat.walkOneCm":231602,"stat.useItem.77":6,"stat.useItem.35":18,"stat.useItem.44":8,"stat.useItem.342":2,"stat.useItem.148":2,"stat.jump":328,"stat.useItem.1":55,"stat.useItem.331":21}