{"stat.useItem.139":44,"stat.useItem.146":3,"stat.killEntity.Sheep":65,"stat.useItem.3":892,"stat.useItem.126":147,"stat.useItem.143":5,"stat.useItem.72":1,"stat.useItem.89":68,"achievement.openInventory":433,"stat.damageDealt":456,"stat.useItem.96":9,"stat.useItem.50":6,"stat.killEntity.Bat":1,"stat.killEntity.Cow":35,"stat.useItem.323":29,"stat.useItem.381":11,"stat.useItem.338":24,"stat.useItem.351":22,"achievement.exploreAllBiomes":{"value":0,"progress":["Sunflower Plains","Extreme Hills+","Taiga","Deep Ocean","Ocean","Extreme Hills","TaigaHills","Plains","Sky","ForestHills","Forest","Taiga M","Beach","River","Stone Beach"]},"stat.useItem.112":18,"stat.useItem.324":10,"stat.useItem.53":72,"stat.useItem.151":57,"stat.useItem.23":99,"stat.useItem.97":4,"stat.useItem.49":10,"stat.useItem.259":12,"stat.useItem.5":2957,"stat.useItem.31":31,"stat.flyOneCm":7384118,"stat.useItem.33":13,"stat.useItem.38":5,"stat.useItem.88":8,"stat.useItem.47":7,"stat.useItem.4":1,"stat.useItem.355":2,"stat.useItem.380":21,"stat.useItem.321":28,"stat.useItem.152":49,"stat.useItem.69":52,"stat.climbOneCm":1331,"stat.useItem.45":2,"stat.useItem.156":53,"stat.useItem.87":5,"stat.killEntity.Chicken":159,"stat.drop":29,"stat.useItem.18":184,"stat.useItem.164":71,"stat.useItem.29":53,"stat.useItem.356":109,"stat.useItem.154":5,"stat.useItem.159":3,"stat.useItem.17":65,"stat.playOneMinute":1051442,"stat.useItem.123":58,"stat.killEntity.Pig":19,"stat.useItem.108":7,"stat.useItem.155":1872,"stat.useItem.70":39,"stat.useItem.76":74,"stat.leaveGame":38,"stat.diveOneCm":26980,"stat.useItem.6":4,"stat.useItem.158":6,"stat.useItem.330":8,"stat.useItem.54":17,"stat.killEntity.Villager":116,"stat.useItem.109":138,"stat.useItem.61":7,"stat.useItem.85":3,"stat.useItem.383":490,"stat.useItem.114":63,"stat.useItem.22":7,"stat.useItem.58":1,"stat.useItem.122":2,"stat.swimOneCm":33183,"stat.useItem.390":35,"stat.useItem.397":17,"stat.walkOneCm":2605621,"stat.useItem.77":16,"stat.useItem.145":5,"stat.useItem.35":140,"stat.useItem.44":2057,"stat.useItem.7":25,"stat.jump":10302,"stat.useItem.13":16,"stat.useItem.12":37,"stat.useItem.113":62,"stat.mobKills":395,"stat.useItem.42":19,"stat.useItem.389":1,"stat.useItem.171":35,"stat.useItem.98":279,"stat.useItem.276":3,"stat.useItem.67":5,"stat.useItem.1":474,"stat.useItem.20":671,"stat.useItem.331":513}