{"stat.damageDealt":120,"achievement.exploreAllBiomes":{"value":0,"progress":["Sunflower Plains","Extreme Hills+","Deep Ocean","Taiga","Ocean","Extreme Hills","Plains","TaigaHills","ForestHills","Forest","Taiga M","Beach","River","Stone Beach"]},"achievement.openInventory":7,"stat.killEntity.Sheep":1,"stat.climbOneCm":3825,"stat.flyOneCm":1263208,"stat.playOneMinute":128764,"stat.leaveGame":6,"stat.diveOneCm":8428,"stat.useItem.272":2,"stat.walkOneCm":356186,"stat.jump":364,"stat.swimOneCm":3654,"stat.mobKills":1}