{"stat.useItem.139":9,"stat.useItem.66":263,"stat.useItem.146":1,"stat.killEntity.Sheep":1,"stat.useItem.3":2927,"stat.useItem.65":20,"stat.useItem.126":865,"stat.useItem.143":17,"stat.useItem.103":37,"stat.useItem.89":1061,"achievement.openInventory":795,"stat.damageDealt":2580,"stat.useItem.96":2,"stat.useItem.50":934,"stat.useItem.323":106,"stat.useItem.130":4,"stat.useItem.173":15,"stat.useItem.351":591,"achievement.exploreAllBiomes":{"value":0,"progress":["Sunflower Plains","Extreme Hills+","Taiga","Ocean","Extreme Hills","TaigaHills","Plains","ForestHills","Forest","Taiga M","Beach","River","Stone Beach"]},"stat.useItem.112":1048,"stat.useItem.324":17,"stat.useItem.53":348,"stat.useItem.25":9,"stat.useItem.30":47,"stat.useItem.361":15,"stat.useItem.19":8,"stat.useItem.151":22,"stat.useItem.23":88,"stat.useItem.97":2,"stat.useItem.259":155,"stat.useItem.49":28,"stat.useItem.5":1256,"stat.flyOneCm":5384590,"stat.useItem.160":249,"stat.useItem.88":296,"stat.useItem.47":302,"stat.useItem.4":24,"stat.useItem.355":2,"stat.useItem.354":9,"stat.useItem.156":255,"stat.useItem.136":1,"stat.useItem.135":56,"stat.useItem.293":180,"stat.useItem.33":37,"stat.useItem.95":186,"stat.useItem.38":65,"stat.useItem.133":1,"stat.useItem.380":9,"stat.useItem.86":2,"stat.useItem.321":158,"stat.useItem.73":1,"stat.useItem.152":9,"stat.useItem.69":47,"stat.climbOneCm":7982,"stat.useItem.45":27,"stat.useItem.87":455,"stat.useItem.39":2,"stat.useItem.18":1872,"stat.drop":54,"stat.useItem.379":4,"stat.useItem.153":1,"stat.useItem.175":44,"stat.useItem.29":91,"stat.useItem.164":499,"stat.useItem.2266":2,"stat.useItem.356":201,"stat.useItem.154":1,"stat.useItem.159":1,"stat.useItem.106":62,"stat.useItem.17":1680,"stat.useItem.328":1,"stat.useItem.84":4,"stat.playOneMinute":1722962,"stat.useItem.123":100,"stat.useItem.155":3098,"stat.useItem.70":39,"stat.useItem.76":241,"stat.leaveGame":34,"stat.diveOneCm":27780,"stat.useItem.6":40,"stat.useItem.385":2,"stat.useItem.158":9,"stat.useItem.131":3,"stat.useItem.330":7,"stat.useItem.54":187,"stat.killEntity.Villager":10,"stat.useItem.41":52,"stat.useItem.109":99,"stat.useItem.295":101,"stat.useItem.61":99,"stat.useItem.134":640,"stat.useItem.362":25,"stat.useItem.85":1086,"stat.useItem.116":4,"stat.useItem.372":58,"stat.useItem.383":34,"stat.useItem.57":36,"stat.useItem.114":91,"stat.useItem.107":3,"stat.useItem.58":16,"stat.swimOneCm":30953,"stat.useItem.407":8,"stat.useItem.162":8,"stat.useItem.147":1,"stat.useItem.390":24,"stat.useItem.397":18,"stat.walkOneCm":7020067,"stat.useItem.77":26,"stat.useItem.145":4,"stat.useItem.35":991,"stat.useItem.408":10,"stat.useItem.44":1227,"stat.useItem.342":26,"stat.useItem.7":364,"stat.jump":3051,"stat.useItem.343":20,"stat.useItem.12":28,"stat.useItem.128":10,"stat.useItem.113":416,"stat.useItem.161":3,"stat.mobKills":11,"stat.useItem.42":975,"stat.useItem.171":432,"stat.useItem.98":3402,"stat.useItem.170":33,"stat.useItem.276":31,"stat.useItem.67":46,"stat.useItem.1":2700,"stat.useItem.20":535,"stat.useItem.331":709,"stat.useItem.102":430,"stat.useItem.138":153,"stat.useItem.2263":1,"stat.useItem.101":23}