{"stat.useItem.351":2,"stat.killEntity.EntityHorse":3,"stat.useItem.356":67,"stat.useItem.359":239,"stat.useItem.116":1,"stat.leaveGame":104,"stat.useItem.120":64,"stat.useItem.121":78,"stat.mineBlock.18":238,"stat.useItem.123":169,"stat.useItem.126":182,"stat.swimOneCm":94154,"stat.climbOneCm":24299,"achievement.exploreAllBiomes":{"value":0,"progress":["Sunflower Plains","ForestHills","Extreme Hills M","Plains","Taiga M","TaigaHills","Beach","Stone Beach","Extreme Hills+","Ocean","Forest","River","Taiga","Extreme Hills","Deep Ocean"]},"stat.mineBlock.12":14,"stat.useItem.331":186,"stat.mineBlock.3":5546,"stat.mineBlock.1":51,"stat.flyOneCm":30279075,"stat.useItem.102":4,"stat.useItem.101":8,"stat.useItem.109":1302,"stat.mineBlock.175":1,"stat.useItem.324":8,"stat.useItem.323":403,"stat.useItem.328":4,"stat.useItem.86":42,"stat.useItem.89":394,"stat.useItem.82":58,"stat.useItem.85":78,"achievement.openInventory":977,"stat.useItem.97":9,"stat.useItem.98":1589,"stat.deaths":6,"stat.drop":141,"stat.useItem.95":244,"stat.useItem.96":62,"stat.playOneMinute":7564726,"stat.killEntity.Sheep":3,"stat.diveOneCm":306803,"stat.useItem.65":1,"stat.useItem.66":5,"stat.useItem.67":11,"stat.useItem.61":2,"stat.useItem.69":4,"stat.useItem.76":96,"stat.useItem.77":1,"stat.jump":3398,"stat.fallOneCm":1366,"stat.useItem.404":28,"stat.useItem.70":32,"stat.breakItem.359":1,"stat.useItem.175":43,"stat.useItem.42":6,"stat.useItem.44":652,"stat.useItem.41":5,"stat.damageTaken":20,"stat.useItem.46":6,"stat.useItem.47":24,"stat.useItem.48":2,"stat.useItem.49":5097,"stat.useItem.53":56,"stat.useItem.50":100,"stat.damageDealt":3225,"stat.killEntity.Cow":7,"stat.killEntity.Pig":2,"stat.useItem.57":275,"stat.useItem.20":267,"stat.useItem.152":20,"stat.useItem.155":3347,"stat.useItem.397":11,"stat.useItem.276":6,"stat.useItem.154":42,"stat.useItem.278":51,"stat.walkOneCm":3706543,"stat.useItem.277":5696,"stat.useItem.159":8395,"stat.useItem.29":44,"stat.useItem.160":69,"stat.minecartOneCm":19886,"stat.useItem.161":4,"stat.useItem.33":8,"stat.useItem.287":18,"stat.useItem.35":20,"stat.useItem.172":6,"stat.useItem.38":16,"stat.useItem.133":301,"stat.killEntity.Skeleton":1,"stat.useItem.135":26,"stat.useItem.134":62,"stat.useItem.139":464,"stat.useItem.259":90,"stat.useItem.138":23,"stat.killEntity.Chicken":1,"stat.killEntity.Spider":1,"stat.mobKills":20,"stat.useItem.381":14,"stat.useItem.383":315,"stat.mineBlock.38":1,"stat.useItem.6":1,"stat.useItem.12":319,"stat.useItem.145":2,"stat.useItem.389":9,"stat.useItem.1":1485,"stat.useItem.4":304,"stat.useItem.5":159,"stat.useItem.3":7004,"stat.useItem.2264":1,"stat.useItem.2267":1,"stat.useItem.17":222,"stat.useItem.18":2864,"stat.useItem.13":1,"stat.mineBlock.31":170,"stat.useItem.390":5,"stat.useItem.271":2}