{"stat.useItem.130":1,"stat.useItem.173":18,"stat.killEntity.Sheep":4,"stat.useItem.3":1561,"achievement.exploreAllBiomes":{"value":0,"progress":["Sunflower Plains","Forest","Extreme Hills+","Taiga M","Taiga","Ocean","Extreme Hills","Beach","Plains","River","ForestHills"]},"stat.useItem.324":5,"stat.useItem.126":2808,"stat.useItem.53":19,"stat.useItem.25":11,"stat.useItem.30":17,"stat.useItem.89":207,"achievement.openInventory":314,"stat.useItem.151":34,"stat.damageDealt":962,"stat.useItem.96":76,"stat.useItem.50":393,"stat.useItem.259":3,"stat.useItem.323":45,"stat.useItem.5":992,"stat.flyOneCm":3989155,"stat.useItem.160":922,"stat.useItem.95":34,"stat.useItem.38":1,"stat.useItem.47":50,"stat.useItem.355":13,"stat.useItem.380":7,"stat.useItem.321":178,"stat.useItem.69":101,"stat.climbOneCm":752,"stat.useItem.87":2,"stat.killEntity.Chicken":2,"stat.drop":32,"stat.useItem.18":230,"stat.useItem.175":10,"stat.useItem.155":1733,"stat.leaveGame":11,"stat.diveOneCm":3108,"stat.useItem.330":11,"stat.useItem.54":3,"stat.useItem.159":1,"stat.useItem.109":67,"stat.useItem.17":1,"stat.useItem.61":8,"stat.useItem.134":153,"stat.useItem.85":48,"stat.useItem.116":1,"stat.playOneMinute":673075,"stat.useItem.123":59,"stat.useItem.108":62,"stat.useItem.58":7,"stat.swimOneCm":6365,"stat.useItem.162":1284,"stat.mobKills":6,"stat.useItem.42":2,"stat.useItem.171":655,"stat.useItem.390":34,"stat.useItem.98":2053,"stat.walkOneCm":1395606,"stat.useItem.77":85,"stat.useItem.145":148,"stat.useItem.35":54,"stat.useItem.276":8,"stat.useItem.44":1535,"stat.useItem.148":2,"stat.jump":1591,"stat.useItem.1":131,"stat.useItem.20":6,"stat.useItem.138":100,"stat.useItem.101":8}