{"stat.useItem.139":8,"stat.useItem.338":7,"stat.useItem.3":548,"stat.useItem.351":3,"achievement.exploreAllBiomes":{"value":0,"progress":["Sunflower Plains","Forest","Extreme Hills+","Taiga M","Ocean","Extreme Hills","Plains","Beach","River","Stone Beach","ForestHills"]},"stat.useItem.324":25,"stat.useItem.126":139,"stat.useItem.53":80,"stat.useItem.143":1,"stat.useItem.30":21,"stat.useItem.72":8,"stat.useItem.89":44,"achievement.openInventory":340,"stat.useItem.361":3,"stat.useItem.151":9,"stat.damageDealt":135,"stat.useItem.23":108,"stat.useItem.97":193,"stat.useItem.96":6,"stat.useItem.50":2,"stat.useItem.259":2,"stat.useItem.323":26,"stat.useItem.5":934,"stat.useItem.293":20,"stat.flyOneCm":2544316,"stat.useItem.160":30,"stat.useItem.95":527,"stat.useItem.38":25,"stat.useItem.47":13,"stat.useItem.4":80,"stat.useItem.355":3,"stat.useItem.380":6,"stat.useItem.321":66,"stat.useItem.152":5,"stat.useItem.69":11,"stat.climbOneCm":1886,"stat.useItem.87":1,"stat.killEntity.Chicken":73,"stat.drop":99,"stat.useItem.18":236,"stat.useItem.291":9,"stat.useItem.135":42,"stat.useItem.175":19,"stat.useItem.164":6,"stat.useItem.29":4,"stat.useItem.392":7,"stat.useItem.356":70,"stat.useItem.154":2,"stat.useItem.17":408,"stat.useItem.272":1,"stat.playOneMinute":465359,"stat.useItem.123":27,"stat.useItem.155":41,"stat.useItem.76":20,"stat.leaveGame":7,"stat.diveOneCm":3883,"stat.useItem.6":2,"stat.useItem.131":1,"stat.useItem.391":3,"stat.useItem.330":1,"stat.useItem.54":25,"stat.useItem.109":1,"stat.useItem.295":9,"stat.useItem.61":3,"stat.useItem.134":127,"stat.useItem.362":4,"stat.useItem.85":525,"stat.useItem.80":971,"stat.boatOneCm":7564,"stat.useItem.107":21,"stat.useItem.58":5,"stat.swimOneCm":5126,"stat.mobKills":73,"stat.useItem.42":842,"stat.useItem.171":52,"stat.useItem.390":12,"stat.walkOneCm":1015669,"stat.useItem.77":6,"stat.useItem.35":1396,"stat.useItem.44":42,"stat.useItem.148":2,"stat.jump":560,"stat.useItem.1":208,"stat.useItem.331":127,"stat.useItem.13":97,"stat.useItem.138":19,"stat.useItem.101":319}