{"stat.useItem.130":1,"stat.killEntity.Sheep":2,"stat.useItem.3":1281,"stat.useItem.351":101,"achievement.exploreAllBiomes":{"value":0,"progress":["Sunflower Plains","Extreme Hills+","Deep Ocean","Taiga","Flower Forest","Ocean","Extreme Hills","Plains","ForestHills","Forest","Taiga M","Beach","Roofed Forest","Stone Beach","River"]},"stat.useItem.324":40,"stat.useItem.24":93,"stat.useItem.126":798,"stat.useItem.53":162,"stat.useItem.30":11,"stat.useItem.72":1,"stat.useItem.89":16,"achievement.openInventory":404,"stat.damageDealt":1000,"stat.useItem.23":8,"stat.useItem.97":532,"stat.useItem.96":21,"stat.useItem.50":26,"stat.useItem.49":17,"stat.useItem.323":49,"stat.useItem.5":1456,"stat.useItem.31":4,"stat.flyOneCm":5830360,"stat.useItem.38":23,"stat.useItem.4":1713,"stat.useItem.355":21,"stat.useItem.86":2,"stat.useItem.380":1,"stat.useItem.321":26,"stat.useItem.69":7,"stat.useItem.45":61,"stat.drop":104,"stat.useItem.18":99,"stat.useItem.175":21,"stat.useItem.2266":1,"achievement.mineWood":2,"stat.useItem.159":521,"stat.useItem.106":24,"stat.killEntity.Wolf":1,"stat.useItem.17":435,"stat.useItem.14":1,"stat.useItem.84":1,"stat.playOneMinute":1111469,"stat.useItem.123":8,"stat.killEntity.Pig":2,"stat.useItem.37":8,"stat.useItem.155":5,"stat.useItem.76":12,"stat.leaveGame":17,"stat.diveOneCm":9785,"stat.useItem.6":31,"stat.useItem.330":5,"stat.useItem.54":8,"stat.useItem.41":11,"stat.useItem.61":5,"stat.useItem.85":268,"stat.useItem.383":12,"stat.useItem.81":4,"stat.useItem.107":10,"stat.swimOneCm":19712,"stat.useItem.113":5,"stat.killEntity.Ozelot":2,"stat.mobKills":7,"stat.useItem.42":81,"stat.useItem.389":2,"stat.useItem.171":10,"stat.useItem.390":29,"stat.useItem.98":149,"stat.walkOneCm":1205276,"stat.useItem.77":24,"stat.useItem.145":1,"stat.useItem.35":483,"stat.useItem.170":8,"stat.useItem.44":1847,"stat.useItem.276":6,"stat.jump":1927,"stat.useItem.1":37,"stat.useItem.20":389,"stat.useItem.13":116,"stat.useItem.12":5,"stat.useItem.102":46}