{"stat.useItem.139":24,"stat.useItem.3":4,"stat.useItem.65":31,"stat.useItem.351":65,"achievement.exploreAllBiomes":{"value":0,"progress":["Sunflower Plains","Forest","Extreme Hills+","Taiga M","Taiga","Extreme Hills","Ocean","Beach","Plains","River"]},"stat.useItem.324":38,"stat.useItem.24":475,"stat.useItem.2257":23,"stat.useItem.126":1,"stat.useItem.53":29,"stat.useItem.2262":17,"stat.useItem.89":55,"achievement.openInventory":209,"stat.damageDealt":10,"stat.useItem.97":97,"stat.useItem.96":8,"stat.useItem.50":32,"stat.killEntity.Bat":1,"stat.useItem.259":18,"stat.useItem.49":33,"stat.useItem.323":13,"stat.useItem.5":1258,"stat.useItem.31":1,"stat.flyOneCm":1361802,"stat.useItem.160":50,"stat.useItem.38":34,"stat.useItem.88":5,"stat.useItem.47":53,"stat.useItem.4":1,"stat.useItem.355":5,"stat.useItem.380":15,"stat.useItem.321":90,"stat.useItem.69":2,"stat.climbOneCm":43459,"stat.useItem.87":132,"stat.drop":18,"stat.useItem.175":15,"stat.useItem.29":5,"stat.leaveGame":14,"stat.diveOneCm":29884,"stat.useItem.6":2,"stat.useItem.158":2,"stat.useItem.131":2,"stat.useItem.287":33,"stat.useItem.54":7,"stat.useItem.106":8,"stat.useItem.17":24,"stat.useItem.61":1,"stat.useItem.85":51,"stat.useItem.116":1,"stat.useItem.84":2,"stat.useItem.383":48,"stat.playOneMinute":459538,"stat.useItem.163":5,"stat.useItem.123":7,"stat.useItem.107":2,"stat.useItem.58":1,"stat.swimOneCm":27792,"stat.useItem.113":11,"stat.mobKills":1,"stat.useItem.42":32,"stat.useItem.397":10,"stat.walkOneCm":1233304,"stat.useItem.145":1,"stat.useItem.35":11,"stat.useItem.44":4,"stat.useItem.148":2,"stat.jump":1279,"stat.useItem.20":96,"stat.useItem.331":35,"stat.useItem.138":3,"stat.useItem.102":44,"stat.useItem.101":4}