{"stat.useItem.139":22,"stat.useItem.66":20,"stat.killEntity.Sheep":1,"stat.useItem.279":1,"stat.useItem.3":2628,"stat.useItem.65":53,"stat.useItem.404":41,"stat.useItem.126":2152,"stat.useItem.48":26,"stat.useItem.143":32,"stat.useItem.72":6,"stat.useItem.103":1,"stat.useItem.89":285,"achievement.openInventory":1522,"stat.damageDealt":4993,"stat.useItem.96":679,"stat.useItem.50":98,"stat.killEntity.Bat":28,"stat.killEntity.Cow":4,"stat.useItem.323":185,"stat.useItem.173":71,"stat.useItem.351":159,"achievement.exploreAllBiomes":{"value":0,"progress":["Sunflower Plains","Extreme Hills+","Taiga","Deep Ocean","Ocean","Extreme Hills","TaigaHills","Plains","ForestHills","Forest","Taiga M","Beach","River","Stone Beach"]},"stat.useItem.112":95,"stat.useItem.324":109,"stat.useItem.24":9,"stat.useItem.53":220,"stat.useItem.25":86,"stat.useItem.19":1,"stat.useItem.151":35,"stat.useItem.23":54,"stat.useItem.97":44,"stat.useItem.259":9,"stat.useItem.5":9494,"stat.flyOneCm":12135764,"achievement.buildPickaxe":2,"stat.useItem.160":689,"stat.useItem.47":84,"stat.useItem.4":1,"stat.useItem.355":55,"stat.useItem.354":2,"stat.useItem.156":494,"stat.killEntity.Chicken":124,"stat.craftItem.270":1,"stat.useItem.136":1,"stat.useItem.135":377,"stat.useItem.31":2,"stat.craftItem.297":1,"stat.useItem.33":15,"achievement.buildWorkBench":1,"stat.useItem.78":56,"stat.useItem.95":659,"stat.useItem.38":15,"stat.craftItem.58":1,"stat.useItem.86":29,"stat.craftItem.354":1,"stat.useItem.380":36,"stat.useItem.321":520,"stat.useItem.152":38,"achievement.flyPig":6,"achievement.killCow":4,"stat.killEntity.EntityHorse":2,"stat.pigOneCm":134847,"stat.useItem.69":187,"stat.climbOneCm":26007,"stat.useItem.87":9,"stat.useItem.18":1901,"stat.drop":343,"stat.useItem.175":7,"achievement.buildHoe":2,"stat.useItem.29":46,"stat.useItem.164":380,"stat.useItem.356":163,"achievement.mineWood":1,"stat.useItem.154":74,"stat.useItem.267":8,"achievement.makeBread":1,"stat.useItem.159":368,"stat.useItem.106":782,"stat.killEntity.Wolf":1,"stat.useItem.17":2331,"stat.craftItem.300":2,"stat.useItem.328":5,"stat.useItem.84":6,"achievement.bakeCake":1,"stat.useItem.401":407,"stat.playOneMinute":3470519,"stat.useItem.163":16,"stat.useItem.123":610,"stat.killEntity.Pig":1,"stat.useItem.155":2949,"stat.useItem.70":61,"stat.useItem.76":166,"stat.leaveGame":33,"stat.diveOneCm":50311,"stat.useItem.6":21,"stat.useItem.158":2,"stat.useItem.131":13,"stat.useItem.330":12,"stat.useItem.54":12,"stat.killEntity.Villager":14,"stat.useItem.109":10,"stat.useItem.61":39,"stat.useItem.134":466,"stat.useItem.85":402,"stat.useItem.80":53,"stat.useItem.116":2,"stat.useItem.383":85,"stat.animalsBred":1,"stat.useItem.57":3,"stat.useItem.114":29,"stat.useItem.107":144,"achievement.buildSword":2,"stat.craftItem.290":1,"stat.useItem.58":6,"stat.swimOneCm":95185,"stat.craftItem.280":8,"stat.useItem.162":63,"stat.craftItem.268":1,"stat.useItem.390":97,"stat.horseOneCm":329140,"stat.useItem.397":7,"stat.walkOneCm":6064734,"stat.useItem.77":59,"stat.useItem.145":23,"stat.useItem.35":1245,"stat.useItem.44":1055,"stat.jump":6718,"stat.useItem.13":260,"stat.useItem.12":8,"achievement.breedCow":1,"stat.useItem.113":3,"stat.killEntity.Ozelot":6,"stat.mobKills":196,"stat.useItem.42":95,"stat.useItem.171":364,"stat.useItem.98":622,"stat.useItem.170":1,"stat.minecartOneCm":551,"stat.useItem.276":41,"stat.useItem.67":2,"stat.useItem.148":8,"stat.useItem.1":1122,"stat.useItem.20":201,"stat.useItem.331":513,"stat.killEntity.Squid":13,"stat.useItem.102":430,"stat.useItem.138":87,"stat.useItem.101":37}