{"stat.useItem.139":63,"stat.useItem.3":289,"stat.useItem.65":2,"stat.useItem.351":15,"achievement.exploreAllBiomes":{"value":0,"progress":["Sunflower Plains","Forest","Extreme Hills+","Taiga M","Taiga","Extreme Hills","Ocean","TaigaHills","Plains","Beach","Stone Beach","River","ForestHills"]},"stat.useItem.112":500,"stat.useItem.324":32,"stat.useItem.126":598,"stat.useItem.53":66,"stat.useItem.25":9,"stat.useItem.48":5,"stat.useItem.89":186,"achievement.openInventory":508,"stat.useItem.151":4,"stat.damageDealt":15,"stat.useItem.23":6,"stat.useItem.96":24,"stat.useItem.50":210,"stat.useItem.259":12,"stat.useItem.323":10,"stat.useItem.5":1415,"stat.flyOneCm":9918717,"stat.useItem.33":15,"stat.useItem.160":348,"stat.useItem.95":578,"stat.useItem.47":192,"stat.useItem.355":7,"stat.useItem.380":7,"stat.useItem.321":369,"stat.useItem.69":7,"stat.climbOneCm":446,"stat.useItem.156":13,"stat.useItem.87":11,"stat.drop":15,"stat.useItem.18":563,"stat.useItem.135":89,"stat.useItem.175":62,"stat.useItem.70":9,"stat.useItem.76":17,"stat.useItem.164":137,"stat.leaveGame":18,"stat.diveOneCm":5519,"stat.useItem.6":10,"stat.useItem.131":3,"stat.useItem.330":8,"stat.useItem.54":27,"stat.useItem.106":3,"stat.useItem.109":2047,"stat.useItem.17":6,"stat.useItem.61":5,"stat.useItem.85":317,"stat.useItem.84":5,"stat.playOneMinute":1382069,"stat.useItem.114":906,"stat.useItem.123":2,"stat.useItem.58":2,"stat.swimOneCm":8278,"stat.useItem.113":599,"stat.useItem.162":22,"stat.useItem.171":534,"stat.useItem.390":19,"stat.useItem.98":4296,"stat.walkOneCm":2495466,"stat.useItem.77":5,"stat.useItem.145":5,"stat.useItem.35":164,"stat.useItem.44":296,"stat.useItem.67":6,"stat.jump":1121,"stat.useItem.13":16,"stat.useItem.101":3}