{"stat.useItem.139":76,"stat.useItem.174":4,"stat.killEntity.Sheep":6,"stat.useItem.3":1982,"achievement.exploreAllBiomes":{"value":0,"progress":["Forest","Sunflower Plains","Taiga M","Deep Ocean","Ocean","Extreme Hills","Plains","Beach","River","ForestHills"]},"stat.useItem.324":1,"stat.useItem.126":98,"stat.useItem.53":29,"stat.useItem.48":14,"stat.useItem.30":10,"stat.useItem.89":823,"achievement.openInventory":346,"stat.useItem.151":1,"stat.damageDealt":3735,"stat.useItem.19":2,"stat.useItem.23":3,"stat.useItem.97":5,"stat.useItem.50":72,"stat.useItem.259":13,"stat.useItem.49":1,"stat.killEntity.Cow":1,"stat.useItem.323":27,"stat.useItem.5":95,"stat.useItem.31":528,"stat.flyOneCm":9125196,"stat.useItem.33":4,"stat.useItem.160":99,"stat.useItem.95":288,"stat.useItem.38":11,"stat.useItem.133":5,"stat.useItem.4":283,"stat.useItem.355":5,"stat.useItem.152":31,"stat.useItem.69":13,"stat.climbOneCm":307,"stat.useItem.156":173,"stat.useItem.87":5,"stat.killEntity.Chicken":13,"stat.drop":9,"stat.useItem.155":4120,"stat.leaveGame":18,"stat.diveOneCm":351336,"stat.useItem.287":32,"stat.useItem.159":22,"stat.useItem.41":53,"stat.useItem.17":886,"stat.useItem.134":91,"stat.useItem.85":232,"stat.useItem.57":91,"stat.playOneMinute":1332988,"stat.useItem.107":1,"stat.useItem.123":8,"stat.useItem.32":10,"stat.killEntity.Pig":2,"stat.useItem.22":7,"stat.swimOneCm":113614,"stat.useItem.162":7,"stat.mobKills":31,"stat.useItem.42":131,"stat.useItem.171":102,"stat.useItem.390":5,"stat.walkOneCm":941037,"stat.useItem.35":18,"stat.useItem.44":1573,"stat.useItem.276":37,"stat.useItem.67":4,"stat.useItem.148":6,"stat.useItem.82":1,"stat.jump":849,"stat.useItem.1":1929,"stat.useItem.20":1,"stat.useItem.13":779,"stat.killEntity.Squid":9,"stat.useItem.12":926,"stat.useItem.138":10,"stat.useItem.102":4}