{"stat.useItem.2258":9,"stat.useItem.130":1,"stat.useItem.146":1,"stat.useItem.3":172,"stat.useItem.65":8,"achievement.exploreAllBiomes":{"value":0,"progress":["Sunflower Plains","Forest","Taiga M","Taiga","Extreme Hills","TaigaHills","Beach","Plains","River","ForestHills"]},"stat.useItem.324":11,"stat.useItem.53":24,"stat.useItem.25":5,"stat.useItem.72":6,"stat.useItem.89":4,"achievement.openInventory":204,"stat.useItem.151":2,"stat.damageDealt":165,"stat.useItem.23":4,"stat.useItem.96":1,"stat.useItem.50":27,"stat.useItem.259":4,"stat.killEntity.Cow":1,"stat.useItem.323":3,"stat.useItem.5":1874,"stat.flyOneCm":502153,"stat.useItem.95":6,"stat.useItem.2256":1,"stat.useItem.47":23,"stat.useItem.355":2,"stat.useItem.354":4,"stat.useItem.86":1,"stat.useItem.380":2,"stat.useItem.321":35,"stat.useItem.69":3,"stat.climbOneCm":1676,"stat.useItem.45":112,"stat.useItem.2261":1,"stat.drop":36,"stat.useItem.70":2,"stat.useItem.76":11,"stat.leaveGame":8,"stat.diveOneCm":3586,"stat.useItem.158":2,"stat.useItem.330":4,"stat.useItem.54":3,"stat.useItem.61":5,"stat.useItem.85":31,"stat.useItem.116":1,"stat.useItem.84":7,"stat.useItem.383":93,"stat.useItem.2267":1,"stat.playOneMinute":1048921,"stat.useItem.123":2,"stat.useItem.58":1,"stat.swimOneCm":7694,"stat.mobKills":1,"stat.useItem.42":42,"stat.useItem.147":4,"stat.useItem.171":1,"stat.useItem.390":13,"stat.useItem.397":2,"stat.walkOneCm":607959,"stat.useItem.145":1,"stat.useItem.35":26,"stat.useItem.276":1,"stat.useItem.148":5,"stat.jump":677,"stat.useItem.20":58,"stat.useItem.331":5,"stat.useItem.2265":6,"stat.useItem.138":6,"stat.craftItem.366":2}