{"stat.useItem.3":3,"stat.useItem.65":15,"achievement.exploreAllBiomes":{"value":0,"progress":["Sunflower Plains","Forest","Extreme Hills+","Taiga M","Deep Ocean","Ocean","Extreme Hills","Plains","Beach","River","ForestHills"]},"stat.useItem.324":12,"stat.useItem.126":4,"achievement.openInventory":116,"stat.useItem.151":2,"stat.damageDealt":180,"stat.useItem.23":2,"stat.useItem.96":6,"stat.killEntity.Cow":1,"stat.useItem.323":6,"stat.useItem.5":1375,"stat.useItem.355":3,"stat.useItem.86":1,"stat.useItem.380":3,"stat.flyOneCm":1131932,"stat.useItem.321":144,"stat.useItem.69":31,"stat.climbOneCm":4262,"stat.drop":10,"stat.useItem.18":1,"stat.useItem.70":57,"stat.useItem.76":11,"stat.useItem.29":2,"stat.leaveGame":7,"stat.diveOneCm":34789,"stat.useItem.330":7,"stat.useItem.54":6,"stat.killEntity.Villager":1,"stat.useItem.17":1165,"stat.useItem.61":3,"stat.useItem.134":359,"stat.useItem.85":97,"stat.useItem.80":2,"stat.useItem.383":2,"stat.useItem.401":708,"stat.playOneMinute":324380,"stat.useItem.123":92,"stat.useItem.107":1,"stat.useItem.58":2,"stat.swimOneCm":30850,"stat.mobKills":2,"stat.useItem.42":36,"stat.useItem.171":95,"stat.walkOneCm":788251,"stat.useItem.77":3,"stat.useItem.145":2,"stat.useItem.35":491,"stat.jump":877,"stat.useItem.1":1,"stat.useItem.331":6,"stat.useItem.102":112,"stat.useItem.138":3}