{"stat.useItem.139":409,"stat.useItem.174":13,"stat.useItem.146":7,"stat.killEntity.Sheep":1,"stat.useItem.3":1988,"stat.useItem.65":17,"stat.useItem.126":871,"stat.useItem.72":2,"stat.useItem.89":66,"achievement.openInventory":518,"stat.damageDealt":8225,"stat.useItem.96":5,"stat.useItem.50":105,"stat.useItem.323":8,"stat.useItem.173":11,"achievement.exploreAllBiomes":{"value":0,"progress":["Sunflower Plains","Forest","Extreme Hills+","Taiga M","Taiga","Ocean","Extreme Hills","Plains","Beach","TaigaHills","River","ForestHills"]},"stat.useItem.112":3,"stat.useItem.324":17,"stat.useItem.53":15,"stat.useItem.25":12,"stat.useItem.30":4,"stat.useItem.2262":1,"stat.useItem.361":4,"stat.useItem.19":11,"stat.useItem.23":1,"stat.useItem.97":57,"stat.useItem.259":3,"stat.useItem.5":1003,"stat.flyOneCm":2552983,"stat.useItem.160":50,"stat.useItem.47":44,"stat.useItem.4":237,"stat.useItem.355":4,"stat.useItem.354":1,"stat.useItem.156":71,"stat.killEntity.Chicken":141,"stat.useItem.136":17,"stat.useItem.111":5,"stat.useItem.293":40,"stat.useItem.78":12,"stat.useItem.95":250,"stat.useItem.38":93,"stat.useItem.380":2,"stat.useItem.321":47,"stat.useItem.152":28,"stat.killEntity.EntityHorse":1,"stat.useItem.69":9,"stat.climbOneCm":3636,"stat.useItem.45":70,"stat.useItem.87":9,"stat.useItem.18":3,"stat.drop":50,"stat.useItem.175":37,"stat.useItem.29":11,"stat.useItem.392":13,"stat.useItem.164":1122,"stat.useItem.154":7,"stat.useItem.159":396,"stat.useItem.106":37,"stat.useItem.17":40,"stat.useItem.84":2,"stat.playOneMinute":733965,"stat.useItem.123":39,"stat.killEntity.Pig":3,"stat.useItem.108":13,"stat.useItem.155":361,"stat.useItem.76":13,"stat.leaveGame":14,"stat.diveOneCm":4850,"stat.useItem.6":25,"stat.useItem.391":11,"stat.useItem.131":20,"stat.useItem.330":8,"stat.useItem.54":20,"stat.killEntity.Villager":17,"stat.useItem.109":295,"stat.useItem.295":11,"stat.useItem.61":2,"stat.useItem.134":93,"stat.useItem.362":3,"stat.useItem.85":53,"stat.useItem.116":1,"stat.useItem.383":1,"stat.useItem.114":8,"stat.useItem.107":10,"stat.useItem.58":2,"stat.swimOneCm":7310,"stat.useItem.113":3,"stat.mobKills":163,"stat.useItem.162":184,"stat.useItem.42":10,"stat.useItem.390":23,"stat.useItem.171":199,"stat.useItem.98":1229,"stat.walkOneCm":1104290,"stat.useItem.77":11,"stat.useItem.35":288,"stat.useItem.44":155,"stat.useItem.276":73,"stat.useItem.7":68,"stat.useItem.56":32,"stat.useItem.148":5,"stat.useItem.82":14,"stat.jump":414,"stat.useItem.1":140,"stat.useItem.331":8,"stat.useItem.13":82,"stat.useItem.2265":1,"stat.useItem.101":25}