{"stat.useItem.139":22,"stat.useItem.3":217,"stat.useItem.351":110,"stat.useItem.65":16,"achievement.exploreAllBiomes":{"value":0,"progress":["Forest","Sunflower Plains","Extreme Hills+","Taiga M","Deep Ocean","Ocean","Extreme Hills","Beach","Plains","Stone Beach","River","ForestHills"]},"stat.useItem.324":31,"stat.useItem.126":795,"stat.useItem.53":382,"stat.useItem.25":8,"stat.useItem.143":2,"stat.useItem.72":5,"stat.useItem.89":9,"achievement.openInventory":630,"stat.useItem.151":3,"stat.useItem.23":5,"stat.useItem.97":111,"stat.useItem.96":50,"stat.useItem.50":160,"stat.useItem.5":4009,"stat.useItem.323":83,"stat.flyOneCm":3596206,"stat.useItem.33":27,"stat.useItem.160":258,"stat.useItem.95":102,"stat.useItem.47":129,"stat.useItem.4":163,"stat.useItem.355":12,"stat.useItem.380":6,"stat.useItem.321":175,"stat.useItem.152":12,"stat.useItem.69":46,"stat.climbOneCm":964,"stat.useItem.156":68,"stat.useItem.379":2,"stat.useItem.136":37,"stat.drop":7,"stat.useItem.135":2,"stat.useItem.175":18,"stat.useItem.155":2537,"stat.useItem.76":26,"stat.useItem.164":2969,"stat.leaveGame":8,"stat.useItem.6":16,"stat.diveOneCm":5498,"stat.useItem.356":34,"stat.useItem.158":9,"stat.useItem.131":2,"stat.useItem.154":4,"stat.useItem.54":7,"stat.useItem.159":2,"stat.useItem.106":9,"stat.useItem.109":70,"stat.useItem.17":102,"stat.useItem.61":5,"stat.useItem.134":87,"stat.useItem.85":470,"stat.useItem.383":2,"stat.useItem.57":3,"stat.playOneMinute":1027094,"stat.useItem.163":1,"stat.useItem.107":1,"stat.useItem.123":88,"stat.useItem.58":6,"stat.swimOneCm":31933,"stat.useItem.113":46,"stat.useItem.161":2,"stat.useItem.42":87,"stat.useItem.171":184,"stat.useItem.390":23,"stat.useItem.397":17,"stat.useItem.98":1106,"stat.walkOneCm":1741971,"stat.useItem.77":12,"stat.useItem.35":857,"stat.useItem.44":29,"stat.useItem.67":49,"stat.useItem.148":1,"stat.jump":940,"stat.useItem.20":3,"stat.useItem.331":203,"stat.useItem.13":35,"stat.useItem.102":8,"stat.useItem.101":10}