{"stat.useItem.89":375,"stat.useItem.173":140,"achievement.openInventory":79,"stat.damageDealt":420,"stat.useItem.19":28,"stat.useItem.23":1,"stat.useItem.3":83,"achievement.exploreAllBiomes":{"value":0,"progress":["Forest","Sunflower Plains","Extreme Hills+","Taiga M","Ocean","Extreme Hills","Plains","Beach","TaigaHills","Stone Beach","River","ForestHills"]},"stat.useItem.50":2,"stat.useItem.126":217,"stat.useItem.5":195,"stat.flyOneCm":5559982,"stat.useItem.160":17,"stat.useItem.152":2,"stat.killEntity.EntityHorse":1,"stat.useItem.69":1,"stat.useItem.95":131,"stat.climbOneCm":169,"stat.drop":82,"stat.leaveGame":22,"stat.diveOneCm":12557,"stat.useItem.383":28,"stat.useItem.158":1,"achievement.mineWood":3,"stat.useItem.159":431,"stat.playOneMinute":1295868,"stat.useItem.163":884,"stat.useItem.17":2759,"stat.useItem.85":75,"stat.jump":389,"stat.useItem.1":89,"stat.swimOneCm":7645,"stat.useItem.113":21,"stat.useItem.162":35,"stat.mobKills":1,"stat.walkOneCm":363927,"stat.useItem.44":2,"stat.useItem.276":1}