{"stat.useItem.139":183,"stat.useItem.3":912,"stat.useItem.65":17,"stat.useItem.351":258,"achievement.exploreAllBiomes":{"value":0,"progress":["Forest","Sunflower Plains","Taiga M","Taiga","Extreme Hills","Plains","TaigaHills","River"]},"stat.useItem.324":9,"stat.useItem.126":1031,"stat.useItem.53":1,"stat.useItem.25":4,"stat.useItem.48":4,"stat.useItem.72":2,"stat.useItem.89":109,"achievement.openInventory":395,"stat.useItem.151":6,"stat.damageDealt":60,"stat.useItem.97":97,"stat.useItem.96":7,"stat.useItem.50":32,"stat.useItem.259":32,"stat.useItem.49":386,"stat.useItem.323":15,"stat.useItem.5":2792,"stat.flyOneCm":3243049,"stat.useItem.160":20,"stat.useItem.38":1,"stat.useItem.133":1,"stat.useItem.47":252,"stat.useItem.4":1102,"stat.useItem.355":23,"stat.useItem.354":4,"stat.useItem.380":2,"stat.useItem.321":332,"stat.useItem.152":4,"stat.useItem.69":14,"stat.climbOneCm":1530,"stat.useItem.156":4,"stat.useItem.87":3,"stat.killEntity.Chicken":1,"stat.drop":50,"stat.useItem.18":414,"stat.useItem.175":11,"stat.useItem.164":236,"stat.useItem.29":10,"stat.useItem.154":2,"achievement.mineWood":3,"stat.useItem.159":519,"stat.useItem.106":26,"stat.useItem.17":23,"stat.useItem.84":5,"stat.playOneMinute":826955,"stat.useItem.163":33,"stat.useItem.123":6,"stat.useItem.155":611,"stat.useItem.70":3,"stat.useItem.76":1,"stat.leaveGame":10,"stat.diveOneCm":36345,"stat.useItem.6":43,"stat.useItem.54":24,"stat.useItem.109":4,"stat.useItem.61":6,"stat.useItem.134":1501,"stat.useItem.85":161,"stat.useItem.383":19,"stat.useItem.57":10,"stat.boatOneCm":8571,"stat.useItem.22":2,"stat.useItem.58":1,"stat.swimOneCm":26215,"stat.useItem.162":2454,"stat.useItem.390":67,"stat.useItem.397":5,"stat.walkOneCm":656507,"stat.useItem.77":2,"stat.useItem.2264":3,"stat.useItem.145":1,"stat.useItem.35":103,"stat.useItem.44":967,"stat.jump":1357,"stat.useItem.12":12,"stat.useItem.42":12,"stat.mobKills":1,"stat.useItem.171":944,"stat.useItem.98":207,"stat.useItem.82":1,"stat.useItem.20":19,"stat.useItem.331":24,"stat.useItem.2265":4,"stat.useItem.138":11,"stat.useItem.102":942,"stat.useItem.2263":8,"stat.useItem.101":7}