{"stat.killEntity.Sheep":6,"stat.useItem.3":1595,"stat.useItem.404":34,"stat.useItem.126":188,"stat.useItem.48":2,"stat.useItem.89":1039,"achievement.openInventory":1102,"stat.damageDealt":2615,"stat.useItem.96":41,"stat.useItem.50":32,"stat.killEntity.Cow":2,"stat.useItem.323":58,"stat.useItem.130":12,"stat.useItem.381":16,"stat.useItem.351":10,"achievement.exploreAllBiomes":{"value":0,"progress":["Sunflower Plains","Extreme Hills+","Taiga","Deep Ocean","Ocean","Extreme Hills","TaigaHills","Plains","Sky","ForestHills","Forest","Taiga M","Beach","Stone Beach","River"]},"stat.useItem.324":64,"stat.useItem.24":9983,"stat.useItem.53":130,"stat.useItem.25":12,"stat.useItem.30":57,"stat.useItem.151":104,"stat.useItem.23":37,"stat.useItem.259":1,"stat.useItem.49":117,"stat.useItem.5":1514,"stat.flyOneCm":15895754,"stat.useItem.160":284,"stat.useItem.88":16,"stat.useItem.47":159,"stat.useItem.355":13,"stat.useItem.354":6,"stat.killEntity.Chicken":20,"stat.useItem.16":3,"stat.useItem.293":151,"stat.useItem.33":77,"stat.useItem.78":33,"stat.useItem.95":588,"stat.useItem.38":146,"stat.useItem.380":7,"stat.useItem.86":2,"stat.useItem.321":72,"stat.useItem.73":2,"stat.useItem.152":2,"stat.killEntity.EntityHorse":11,"stat.useItem.69":23,"stat.climbOneCm":637,"stat.useItem.87":4,"stat.useItem.379":13,"stat.drop":121,"stat.useItem.18":30,"stat.useItem.120":4,"stat.useItem.29":13,"stat.useItem.392":48,"stat.useItem.164":1,"stat.useItem.356":42,"stat.useItem.154":26,"stat.useItem.159":23,"stat.useItem.106":25,"stat.useItem.17":1,"stat.useItem.272":25,"stat.useItem.14":2,"stat.useItem.84":10,"stat.useItem.129":2,"stat.useItem.2267":3,"stat.useItem.401":1042,"stat.playOneMinute":2685432,"stat.useItem.123":64,"stat.killEntity.Pig":16,"stat.useItem.155":2,"stat.useItem.70":136,"stat.useItem.76":85,"stat.leaveGame":51,"stat.diveOneCm":75532,"stat.useItem.6":1,"stat.useItem.391":48,"stat.useItem.158":9,"stat.useItem.330":20,"stat.useItem.54":50,"stat.killEntity.Villager":45,"stat.useItem.295":48,"stat.useItem.61":6,"stat.useItem.85":77,"stat.useItem.116":3,"stat.useItem.383":130,"stat.useItem.114":1,"stat.useItem.22":991,"stat.useItem.58":5,"stat.swimOneCm":162147,"stat.useItem.407":1,"stat.useItem.390":27,"stat.horseOneCm":95,"stat.useItem.397":7,"stat.walkOneCm":5568596,"stat.useItem.77":66,"stat.useItem.35":1242,"stat.useItem.44":17341,"stat.useItem.7":4,"stat.jump":5361,"stat.useItem.13":5,"stat.useItem.12":2628,"stat.useItem.128":419,"stat.useItem.113":43,"stat.useItem.161":205,"stat.mobKills":106,"stat.useItem.171":3640,"stat.useItem.276":25,"stat.useItem.27":1,"stat.useItem.56":23,"stat.useItem.1":788,"stat.useItem.20":1177,"stat.useItem.331":239,"stat.killEntity.Squid":4,"stat.useItem.102":205,"stat.useItem.138":74,"stat.useItem.28":1,"stat.useItem.101":10}