{"stat.useItem.2258":2,"stat.killEntity.Sheep":1,"stat.useItem.338":69,"stat.useItem.3":645,"stat.useItem.65":3,"achievement.exploreAllBiomes":{"value":0,"progress":["Sunflower Plains","Extreme Hills+","Taiga","Deep Ocean","Extreme Hills","Ocean","TaigaHills","Plains","ForestHills","Forest","Taiga M","Beach","Stone Beach","River"]},"stat.useItem.324":21,"stat.useItem.126":98,"stat.useItem.53":42,"stat.useItem.25":4,"stat.useItem.143":1,"stat.useItem.2262":2,"stat.useItem.89":73,"achievement.openInventory":284,"stat.damageDealt":220,"stat.useItem.97":1,"stat.useItem.96":12,"stat.useItem.259":2,"stat.useItem.5":312,"stat.useItem.323":16,"stat.flyOneCm":3868933,"stat.useItem.160":202,"stat.useItem.95":103,"stat.useItem.47":18,"stat.useItem.355":5,"stat.useItem.380":7,"stat.useItem.321":214,"stat.useItem.69":3,"stat.climbOneCm":3573,"stat.useItem.2260":1,"stat.useItem.2261":1,"stat.useItem.87":1,"stat.drop":13,"stat.useItem.18":2,"stat.useItem.175":21,"stat.useItem.155":1822,"stat.leaveGame":15,"stat.diveOneCm":30367,"stat.useItem.131":2,"stat.useItem.330":2,"stat.useItem.54":4,"stat.useItem.159":555,"stat.useItem.106":38,"stat.useItem.17":23,"stat.useItem.61":1,"stat.useItem.85":45,"stat.useItem.84":5,"stat.useItem.383":14,"stat.playOneMinute":475718,"stat.useItem.163":17,"stat.useItem.123":3,"stat.swimOneCm":48940,"stat.useItem.162":1,"stat.mobKills":3,"stat.useItem.42":2,"stat.useItem.171":33,"stat.useItem.390":29,"stat.horseOneCm":96576,"stat.useItem.98":161,"stat.walkOneCm":891156,"stat.useItem.77":1,"stat.useItem.2264":3,"stat.useItem.145":2,"stat.useItem.35":163,"stat.useItem.44":290,"stat.jump":1790,"stat.useItem.1":2,"stat.useItem.20":24,"stat.killEntity.Squid":2,"stat.useItem.2265":1,"stat.useItem.2259":2,"stat.useItem.2263":1,"stat.useItem.101":15}