{"stat.craftItem.298":2,"stat.useItem.146":1,"stat.killEntity.Sheep":2,"stat.useItem.3":100,"achievement.exploreAllBiomes":{"value":0,"progress":["Sunflower Plains","Extreme Hills+","Taiga","Deep Ocean","Extreme Hills","Ocean","TaigaHills","Plains","Forest","Taiga M","Beach","Stone Beach","River"]},"stat.useItem.324":27,"stat.useItem.126":839,"stat.useItem.53":127,"stat.useItem.30":70,"stat.useItem.72":21,"stat.useItem.89":20,"achievement.openInventory":283,"stat.damageDealt":615,"stat.useItem.96":11,"stat.useItem.259":301,"stat.killEntity.Cow":1,"stat.useItem.323":41,"stat.useItem.5":1690,"stat.flyOneCm":1167852,"stat.useItem.33":2,"stat.useItem.88":7,"stat.useItem.355":4,"stat.useItem.380":9,"stat.useItem.321":8,"stat.useItem.69":18,"stat.killEntity.EntityHorse":1,"stat.climbOneCm":3123,"stat.useItem.45":51,"stat.useItem.156":54,"stat.killEntity.Chicken":7,"stat.craftItem.263":1,"stat.drop":36,"stat.useItem.135":336,"stat.useItem.155":468,"stat.useItem.76":5,"stat.useItem.29":6,"stat.leaveGame":8,"stat.diveOneCm":9727,"stat.useItem.385":2,"stat.useItem.131":3,"stat.useItem.330":9,"achievement.mineWood":5,"stat.useItem.54":17,"stat.useItem.159":2,"stat.craftItem.393":2,"stat.useItem.17":388,"stat.useItem.61":12,"stat.craftItem.300":2,"stat.useItem.85":137,"stat.useItem.80":28,"stat.useItem.383":36,"stat.craftItem.299":3,"stat.playOneMinute":522012,"stat.useItem.123":6,"stat.craftItem.301":3,"stat.useItem.58":7,"stat.swimOneCm":12806,"stat.useItem.113":12,"stat.mobKills":11,"stat.useItem.42":21,"stat.useItem.171":14,"stat.walkOneCm":1215488,"stat.useItem.77":14,"stat.craftItem.350":2,"stat.useItem.145":5,"stat.useItem.35":44,"stat.useItem.44":354,"stat.useItem.148":5,"stat.jump":1676,"stat.useItem.1":93,"stat.useItem.20":47,"stat.useItem.13":7,"stat.useItem.102":64}