{"stat.useItem.3":2,"achievement.exploreAllBiomes":{"value":0,"progress":["Forest","Extreme Hills+","Extreme Hills","Ocean","Plains","Beach","River","ForestHills"]},"stat.useItem.324":13,"stat.useItem.53":4,"stat.useItem.126":98,"stat.useItem.25":1,"stat.useItem.143":2,"achievement.openInventory":106,"stat.useItem.23":2,"stat.useItem.96":3,"stat.useItem.97":1,"stat.useItem.50":21,"stat.useItem.323":7,"stat.useItem.5":1388,"stat.useItem.354":1,"stat.useItem.380":3,"stat.flyOneCm":358492,"stat.useItem.33":8,"stat.useItem.160":14,"stat.useItem.69":6,"stat.drop":10,"stat.damageTaken":1720,"stat.useItem.4":662,"stat.useItem.76":40,"stat.useItem.29":37,"stat.leaveGame":4,"stat.diveOneCm":175,"stat.useItem.356":7,"stat.useItem.330":3,"stat.useItem.154":8,"stat.useItem.54":4,"stat.useItem.61":1,"stat.useItem.134":343,"stat.useItem.383":3,"stat.playOneMinute":182828,"stat.useItem.123":9,"stat.deaths":1,"stat.jump":348,"stat.useItem.58":2,"stat.swimOneCm":99,"stat.useItem.331":66,"stat.useItem.20":9,"stat.useItem.42":1,"stat.useItem.98":202,"stat.useItem.102":73,"stat.walkOneCm":629150,"stat.useItem.77":1,"stat.useItem.145":4}