{"stat.useItem.139":10,"stat.useItem.30":13,"stat.useItem.72":2,"stat.useItem.89":4,"achievement.openInventory":67,"stat.useItem.3":134,"achievement.exploreAllBiomes":{"value":0,"progress":["Forest","Taiga","Extreme Hills","Plains","River"]},"stat.useItem.324":4,"stat.useItem.50":56,"stat.useItem.126":219,"stat.useItem.323":2,"stat.useItem.5":272,"stat.useItem.380":9,"stat.flyOneCm":235368,"stat.useItem.160":10,"stat.useItem.95":8,"stat.useItem.156":7,"stat.useItem.379":2,"stat.drop":7,"stat.useItem.47":34,"stat.useItem.4":387,"stat.useItem.70":3,"stat.leaveGame":1,"stat.useItem.164":52,"stat.diveOneCm":16728,"achievement.mineWood":1,"stat.useItem.54":10,"stat.useItem.17":40,"stat.useItem.61":3,"stat.useItem.85":104,"stat.useItem.116":1,"stat.playOneMinute":107497,"stat.useItem.163":31,"stat.boatOneCm":394,"stat.jump":194,"stat.useItem.58":1,"stat.useItem.1":13,"stat.swimOneCm":12663,"stat.useItem.20":7,"stat.useItem.162":540,"stat.useItem.12":152,"stat.walkOneCm":284243,"stat.useItem.44":6,"stat.useItem.67":11}