{"stat.useItem.66":10,"stat.useItem.174":1,"stat.useItem.146":3,"stat.killEntity.Sheep":3,"stat.useItem.3":1313,"stat.useItem.65":12,"stat.useItem.126":1176,"stat.useItem.143":2,"stat.useItem.89":137,"achievement.openInventory":630,"stat.damageDealt":13285,"stat.useItem.96":237,"stat.useItem.50":68,"stat.killEntity.Cow":1,"stat.useItem.323":76,"stat.useItem.130":1,"stat.useItem.338":5,"stat.useItem.351":166,"achievement.exploreAllBiomes":{"value":0,"progress":["Sunflower Plains","Extreme Hills+","Taiga","Deep Ocean","Ocean","Extreme Hills","TaigaHills","Plains","ForestHills","Forest","Taiga M","Beach","Stone Beach","River"]},"stat.useItem.324":35,"stat.useItem.53":17,"stat.useItem.25":20,"stat.useItem.30":1,"stat.useItem.19":2,"stat.useItem.151":4,"stat.useItem.97":74,"stat.useItem.259":31,"stat.useItem.49":1,"stat.useItem.5":1668,"stat.useItem.31":23,"stat.flyOneCm":15543669,"stat.useItem.33":22,"stat.useItem.160":383,"stat.useItem.95":562,"stat.useItem.38":3,"stat.useItem.47":95,"stat.useItem.4":291,"stat.useItem.86":1,"stat.useItem.380":3,"stat.useItem.354":3,"stat.useItem.321":107,"stat.killEntity.EntityHorse":1,"stat.useItem.69":3,"stat.climbOneCm":2714,"stat.useItem.156":20,"stat.killEntity.Chicken":4,"stat.useItem.39":1,"stat.drop":661,"stat.useItem.18":13,"stat.useItem.135":84,"stat.useItem.175":16,"stat.useItem.164":28,"stat.useItem.356":1,"achievement.mineWood":3,"stat.useItem.154":3,"stat.useItem.159":897,"stat.useItem.106":18,"stat.useItem.17":2964,"stat.useItem.84":7,"stat.playOneMinute":2380810,"stat.useItem.163":140,"stat.killEntity.Pig":1,"stat.useItem.37":2,"stat.craftItem.301":1,"stat.useItem.155":3,"stat.useItem.70":1,"stat.useItem.76":23,"stat.leaveGame":46,"stat.diveOneCm":59268,"stat.useItem.6":34,"stat.useItem.158":2,"stat.useItem.131":4,"stat.useItem.330":6,"stat.useItem.54":4,"stat.killEntity.Villager":39,"stat.useItem.109":15,"stat.useItem.61":3,"stat.useItem.134":2771,"stat.useItem.85":458,"stat.useItem.116":1,"stat.useItem.383":14,"stat.useItem.114":5,"stat.useItem.22":3,"stat.useItem.58":4,"stat.swimOneCm":52937,"stat.useItem.162":33,"stat.useItem.390":34,"stat.walkOneCm":1417618,"stat.useItem.77":3,"stat.useItem.145":5,"stat.useItem.35":785,"stat.useItem.44":195,"stat.jump":1438,"stat.useItem.13":238,"stat.useItem.110":1,"stat.useItem.12":11,"stat.useItem.113":29,"stat.mobKills":73,"stat.useItem.42":8,"stat.useItem.171":303,"stat.useItem.170":28,"stat.useItem.276":113,"stat.useItem.67":43,"stat.useItem.148":6,"stat.useItem.1":111,"stat.useItem.20":117,"stat.useItem.331":3,"stat.useItem.102":35,"stat.useItem.28":1,"stat.useItem.101":23,"stat.killEntity.MushroomCow":24}