{"achievement.openInventory":117,"stat.useItem.96":3,"stat.useItem.3":37,"achievement.exploreAllBiomes":{"value":0,"progress":["Sunflower Plains","Forest","Taiga M","Extreme Hills","Plains","TaigaHills","River","ForestHills"]},"stat.useItem.324":3,"stat.useItem.24":74,"stat.useItem.53":10,"stat.useItem.126":155,"stat.useItem.323":6,"stat.useItem.5":166,"stat.useItem.380":4,"stat.flyOneCm":891552,"stat.useItem.33":1,"stat.useItem.321":8,"stat.useItem.160":12,"stat.useItem.69":2,"stat.climbOneCm":340,"stat.useItem.95":14,"stat.useItem.45":29,"stat.useItem.156":74,"stat.drop":39,"stat.useItem.18":27,"stat.useItem.155":828,"stat.useItem.76":5,"stat.useItem.164":2,"stat.leaveGame":5,"stat.useItem.158":2,"stat.useItem.131":3,"stat.useItem.330":12,"stat.useItem.154":1,"stat.useItem.159":8,"stat.useItem.109":20,"stat.useItem.17":6,"stat.useItem.61":2,"stat.useItem.85":33,"stat.playOneMinute":293266,"stat.useItem.163":311,"stat.jump":487,"stat.swimOneCm":3201,"stat.useItem.20":304,"stat.useItem.42":7,"stat.useItem.171":4,"stat.useItem.390":8,"stat.walkOneCm":556807,"stat.useItem.77":9,"stat.useItem.35":16,"stat.useItem.44":156,"stat.useItem.101":21}