{"stat.useItem.139":38,"stat.useItem.66":1,"stat.killEntity.Sheep":21,"stat.useItem.3":2967,"stat.useItem.404":9,"stat.useItem.126":187,"stat.useItem.143":2,"stat.useItem.89":198,"achievement.openInventory":770,"stat.damageDealt":963,"stat.useItem.96":35,"stat.useItem.50":1,"stat.useItem.323":39,"stat.useItem.130":4,"stat.useItem.173":1,"stat.useItem.351":72,"achievement.exploreAllBiomes":{"value":0,"progress":["Sunflower Plains","Extreme Hills+","Taiga","Deep Ocean","Extreme Hills","Ocean","TaigaHills","Plains","ForestHills","Forest","Taiga M","Beach","River","Stone Beach"]},"stat.useItem.112":95,"stat.useItem.324":14,"stat.useItem.24":1538,"stat.useItem.53":62,"stat.useItem.30":6,"stat.useItem.23":29,"stat.useItem.97":4,"stat.useItem.259":316,"stat.useItem.5":780,"stat.flyOneCm":12898387,"stat.useItem.33":5,"stat.useItem.160":329,"stat.useItem.95":1350,"stat.useItem.88":3,"stat.useItem.47":27,"stat.useItem.355":22,"stat.useItem.321":126,"stat.useItem.152":582,"stat.useItem.69":61,"stat.climbOneCm":6983,"stat.useItem.156":320,"stat.useItem.87":7,"stat.useItem.39":2,"stat.drop":220,"stat.useItem.18":1785,"stat.useItem.136":7,"stat.useItem.135":9,"stat.useItem.175":2,"stat.useItem.29":6,"stat.useItem.164":503,"stat.useItem.356":25,"stat.useItem.154":58,"stat.useItem.159":1494,"stat.useItem.106":718,"stat.useItem.17":5779,"stat.useItem.84":9,"stat.useItem.129":1,"stat.playOneMinute":2438050,"stat.useItem.163":126,"stat.useItem.123":657,"stat.killEntity.Pig":1,"stat.useItem.108":1,"stat.useItem.155":1369,"stat.useItem.76":13,"stat.leaveGame":42,"stat.diveOneCm":22731,"stat.useItem.6":2,"stat.useItem.131":13,"stat.useItem.330":18,"stat.useItem.54":18,"stat.killEntity.Villager":1,"stat.useItem.109":122,"stat.useItem.61":6,"stat.useItem.134":4,"stat.useItem.372":3,"stat.useItem.383":1,"stat.useItem.57":2,"stat.useItem.114":196,"stat.useItem.107":7,"stat.useItem.22":1302,"stat.swimOneCm":74758,"stat.useItem.390":13,"stat.useItem.397":3,"stat.walkOneCm":5965946,"stat.useItem.77":7,"stat.useItem.145":62,"stat.useItem.35":181,"stat.useItem.44":190,"stat.jump":3312,"stat.useItem.13":6,"stat.useItem.343":1,"stat.useItem.12":1,"stat.useItem.128":312,"stat.useItem.113":117,"stat.mobKills":23,"stat.useItem.42":2,"stat.useItem.171":198,"stat.useItem.98":429,"stat.minecartOneCm":17621,"stat.useItem.276":6,"stat.useItem.27":3,"stat.useItem.67":4,"stat.useItem.82":4,"stat.useItem.1":151,"stat.useItem.20":17,"stat.useItem.331":160,"stat.useItem.138":116,"stat.useItem.101":173}