{"stat.useItem.2262":1,"achievement.openInventory":63,"stat.killEntity.Sheep":1,"stat.damageDealt":100,"stat.useItem.19":14,"stat.useItem.3":15,"achievement.exploreAllBiomes":{"value":0,"progress":["Sunflower Plains","Extreme Hills+","Deep Ocean","Taiga","Extreme Hills","Ocean","TaigaHills","Plains","ForestHills","Forest","Taiga M","Beach","River","Stone Beach"]},"stat.mineBlock.31":15,"stat.useItem.323":3,"stat.fallOneCm":480,"stat.flyOneCm":1742945,"stat.useItem.2260":3,"stat.climbOneCm":11613,"stat.useItem.156":2,"stat.drop":23,"stat.useItem.18":2,"stat.mineBlock.38":2,"stat.useItem.76":2,"stat.playOneMinute":287990,"stat.leaveGame":17,"stat.diveOneCm":7968,"stat.useItem.84":1,"stat.useItem.383":9,"stat.jump":576,"stat.swimOneCm":24436,"stat.mobKills":1,"stat.useItem.275":2,"stat.walkOneCm":1056827,"stat.useItem.274":3,"stat.useItem.145":1,"stat.mineBlock.175":1,"stat.useItem.7":1}