{"stat.useItem.3":371,"stat.useItem.351":363,"achievement.exploreAllBiomes":{"value":0,"progress":["Sunflower Plains","Extreme Hills+","Taiga","Deep Ocean","Ocean","Extreme Hills","TaigaHills","Plains","ForestHills","Forest","Taiga M","Beach","Stone Beach","River","Swampland"]},"stat.useItem.324":6,"stat.useItem.126":98,"stat.useItem.25":2,"stat.useItem.143":7,"stat.useItem.89":11,"achievement.openInventory":148,"stat.damageDealt":325,"stat.useItem.19":9,"stat.useItem.23":12,"stat.useItem.97":23,"stat.useItem.50":35,"stat.useItem.49":6,"stat.useItem.5":949,"stat.useItem.323":2,"stat.useItem.355":5,"stat.useItem.380":6,"stat.flyOneCm":4585920,"stat.useItem.321":6,"stat.useItem.69":7,"stat.useItem.95":141,"stat.useItem.38":163,"stat.drop":13,"stat.useItem.291":36,"stat.useItem.47":94,"stat.useItem.4":11,"stat.useItem.164":352,"stat.leaveGame":18,"stat.useItem.392":7,"stat.diveOneCm":16097,"stat.useItem.6":87,"stat.useItem.391":12,"stat.useItem.330":2,"stat.useItem.154":9,"stat.useItem.267":4,"achievement.mineWood":1,"stat.useItem.54":2,"stat.useItem.109":26,"stat.useItem.295":18,"stat.useItem.17":821,"stat.useItem.61":5,"stat.useItem.85":49,"stat.useItem.116":3,"stat.useItem.383":86,"stat.playOneMinute":558431,"stat.useItem.107":2,"stat.swimOneCm":7769,"stat.useItem.113":1,"stat.useItem.162":37,"stat.useItem.42":3,"stat.useItem.390":7,"stat.useItem.98":38,"stat.walkOneCm":736058,"stat.useItem.77":2,"stat.useItem.145":1,"stat.useItem.35":71,"stat.minecartOneCm":41204,"stat.useItem.44":44,"stat.jump":718,"stat.useItem.20":172,"stat.useItem.13":20}