{"stat.useItem.139":513,"stat.useItem.3":3,"stat.useItem.351":2,"achievement.exploreAllBiomes":{"value":0,"progress":["Sunflower Plains","Forest","Extreme Hills+","Taiga M","Taiga","Extreme Hills","Plains","Beach","River","ForestHills"]},"stat.useItem.324":7,"stat.useItem.24":2510,"stat.useItem.2257":1,"stat.useItem.126":62,"stat.useItem.53":115,"stat.useItem.48":18,"stat.useItem.143":48,"stat.useItem.2262":1,"stat.useItem.89":18,"achievement.openInventory":209,"stat.useItem.96":6,"stat.useItem.50":100,"stat.useItem.5":230,"stat.useItem.323":27,"stat.useItem.31":3,"stat.flyOneCm":5804522,"stat.useItem.160":477,"stat.useItem.95":18,"stat.useItem.2256":3,"stat.useItem.47":8,"stat.useItem.4":851,"stat.useItem.380":1,"stat.useItem.69":1,"stat.climbOneCm":649,"stat.useItem.156":50,"stat.useItem.87":6,"stat.drop":2,"stat.useItem.135":159,"stat.useItem.155":149,"stat.useItem.70":2,"stat.useItem.164":124,"stat.leaveGame":18,"stat.useItem.84":3,"stat.diveOneCm":1148,"stat.useItem.385":3,"stat.useItem.131":5,"stat.useItem.54":24,"stat.playOneMinute":890997,"stat.useItem.109":1450,"stat.useItem.17":28,"stat.swimOneCm":3165,"stat.useItem.113":123,"stat.useItem.162":720,"stat.useItem.42":320,"stat.useItem.389":1,"stat.useItem.171":204,"stat.useItem.390":4,"stat.useItem.397":2,"stat.useItem.98":10414,"stat.walkOneCm":1002010,"stat.useItem.77":35,"stat.useItem.145":162,"stat.useItem.35":1027,"stat.useItem.44":1293,"stat.useItem.67":1436,"stat.jump":566,"stat.useItem.1":526,"stat.useItem.2265":2,"stat.useItem.102":31,"stat.useItem.101":325,"stat.useItem.128":12}