{"stat.useItem.146":2,"stat.useItem.338":127,"stat.useItem.3":485,"stat.useItem.65":5,"stat.useItem.351":109,"achievement.exploreAllBiomes":{"value":0,"progress":["Forest","Sunflower Plains","Extreme Hills+","Taiga M","Taiga","Ocean","Extreme Hills","TaigaHills","Beach","Plains","River","ForestHills"]},"stat.useItem.324":16,"stat.useItem.53":4,"stat.useItem.126":146,"stat.useItem.72":9,"stat.useItem.103":4,"stat.useItem.89":41,"achievement.openInventory":254,"stat.useItem.361":6,"stat.useItem.19":17,"stat.useItem.50":5,"stat.useItem.323":6,"stat.useItem.5":335,"stat.useItem.293":83,"stat.craftItem.320":1,"stat.flyOneCm":2233866,"stat.useItem.33":8,"stat.useItem.160":57,"stat.useItem.95":36,"stat.useItem.47":23,"stat.useItem.355":6,"stat.useItem.354":2,"stat.useItem.380":1,"stat.useItem.86":4,"stat.useItem.321":145,"stat.useItem.69":3,"stat.climbOneCm":8767,"stat.useItem.156":376,"stat.useItem.136":95,"stat.drop":26,"stat.useItem.18":296,"stat.useItem.135":2,"stat.useItem.175":37,"stat.useItem.155":1806,"stat.useItem.29":3,"stat.leaveGame":5,"stat.diveOneCm":40805,"stat.useItem.6":12,"stat.useItem.158":5,"stat.useItem.330":3,"stat.useItem.54":19,"stat.useItem.159":62,"stat.useItem.106":58,"stat.useItem.109":28,"stat.useItem.295":32,"stat.useItem.17":254,"stat.useItem.61":9,"stat.useItem.362":4,"stat.useItem.85":21,"stat.useItem.383":1,"stat.playOneMinute":450799,"stat.useItem.114":17,"stat.boatOneCm":12475,"stat.useItem.58":24,"stat.fishCaught":1,"stat.swimOneCm":24113,"stat.useItem.113":160,"stat.useItem.162":100,"stat.useItem.42":2,"stat.useItem.171":50,"stat.useItem.390":45,"stat.useItem.98":296,"stat.walkOneCm":1386979,"stat.useItem.145":1,"stat.useItem.77":6,"stat.useItem.35":24,"stat.useItem.44":631,"stat.jump":1286,"stat.useItem.102":4,"stat.craftItem.61":1}