{"stat.useItem.139":101,"stat.useItem.66":91,"stat.useItem.174":7,"stat.useItem.3":895,"stat.useItem.65":6,"stat.useItem.404":3,"stat.useItem.126":374,"stat.useItem.143":1,"stat.useItem.103":1,"stat.useItem.89":42,"achievement.openInventory":645,"stat.damageDealt":5840,"stat.useItem.96":36,"stat.useItem.50":105,"stat.killEntity.Cow":1,"stat.useItem.323":19,"stat.useItem.130":3,"stat.useItem.173":1,"stat.useItem.338":8,"stat.useItem.351":321,"achievement.exploreAllBiomes":{"value":0,"progress":["Sunflower Plains","Extreme Hills+","Deep Ocean","Taiga","Extreme Hills","Ocean","Plains","TaigaHills","ForestHills","Forest","Taiga M","Beach","Stone Beach","River"]},"stat.useItem.324":15,"stat.useItem.53":5,"stat.useItem.25":6,"stat.useItem.30":62,"stat.useItem.361":5,"stat.useItem.19":23,"stat.useItem.23":4,"stat.useItem.97":99,"stat.useItem.259":2,"stat.useItem.5":1167,"stat.flyOneCm":15979959,"stat.useItem.160":321,"stat.useItem.47":54,"stat.useItem.4":41,"stat.useItem.355":4,"stat.useItem.354":3,"stat.useItem.156":28,"stat.killEntity.Chicken":16,"stat.useItem.31":3,"stat.useItem.293":28,"stat.useItem.33":94,"stat.useItem.95":22,"stat.useItem.38":21,"stat.useItem.133":2,"stat.useItem.121":15,"stat.useItem.380":2,"stat.useItem.86":17,"stat.useItem.321":218,"stat.useItem.152":13,"stat.useItem.69":83,"stat.climbOneCm":23670,"stat.useItem.87":2,"stat.useItem.39":29,"stat.useItem.379":2,"stat.drop":222,"stat.useItem.18":145,"stat.useItem.175":55,"stat.useItem.29":53,"stat.useItem.392":6,"stat.useItem.164":25,"stat.useItem.356":18,"stat.useItem.154":1,"stat.useItem.159":697,"stat.useItem.106":64,"stat.useItem.17":295,"stat.useItem.328":8,"stat.useItem.84":2,"stat.playOneMinute":1826065,"stat.useItem.163":13,"stat.useItem.123":65,"stat.useItem.155":224,"stat.useItem.70":3,"stat.useItem.76":131,"stat.leaveGame":26,"stat.diveOneCm":24611,"stat.useItem.6":57,"stat.useItem.391":6,"stat.useItem.131":2,"stat.useItem.330":4,"stat.useItem.54":44,"stat.killEntity.Villager":19,"stat.useItem.41":1,"stat.useItem.109":15,"stat.useItem.295":8,"stat.useItem.61":4,"stat.useItem.134":6,"stat.useItem.362":4,"stat.useItem.85":106,"stat.useItem.116":2,"stat.useItem.383":8,"stat.useItem.81":1,"stat.useItem.57":1,"stat.useItem.114":21,"stat.useItem.107":2,"stat.useItem.58":2,"stat.swimOneCm":41818,"stat.useItem.162":25,"stat.useItem.147":1,"stat.useItem.390":32,"stat.horseOneCm":363881,"stat.useItem.397":15,"stat.walkOneCm":3884081,"stat.useItem.77":22,"stat.useItem.145":4,"stat.useItem.35":118,"stat.useItem.44":190,"stat.jump":3511,"stat.useItem.13":2,"stat.useItem.110":10,"stat.useItem.12":2,"stat.useItem.113":614,"stat.useItem.161":68,"stat.useItem.42":1,"stat.mobKills":36,"stat.useItem.171":54,"stat.useItem.98":16,"stat.useItem.170":9,"stat.minecartOneCm":366303,"stat.useItem.276":71,"stat.useItem.27":21,"stat.useItem.67":39,"stat.useItem.20":1,"stat.useItem.331":210,"stat.useItem.102":2}