{"stat.useItem.173":2,"stat.useItem.3":19,"achievement.exploreAllBiomes":{"value":0,"progress":["Sunflower Plains","Forest","Extreme Hills+","Taiga M","Taiga","Ocean","Extreme Hills","Beach","TaigaHills","Plains","Stone Beach","River","ForestHills"]},"stat.useItem.324":8,"stat.useItem.126":22,"stat.useItem.30":35,"stat.useItem.89":17,"achievement.openInventory":246,"stat.damageDealt":639,"stat.useItem.96":8,"stat.useItem.50":1,"stat.useItem.49":18,"stat.useItem.259":13,"stat.useItem.5":45,"stat.useItem.323":17,"stat.flyOneCm":2622055,"stat.useItem.95":772,"stat.useItem.47":12,"stat.useItem.4":79,"stat.useItem.355":9,"stat.useItem.380":2,"stat.useItem.321":110,"stat.killEntity.EntityHorse":2,"stat.useItem.69":8,"stat.useItem.156":37,"stat.useItem.87":3,"stat.drop":275,"stat.killEntity.Chicken":1,"stat.useItem.135":47,"stat.useItem.155":135,"stat.useItem.29":2,"stat.leaveGame":5,"stat.diveOneCm":22951,"stat.useItem.330":16,"achievement.mineWood":1,"stat.useItem.54":1,"stat.useItem.17":12,"stat.useItem.85":59,"stat.useItem.116":1,"stat.useItem.84":1,"stat.useItem.383":19,"stat.playOneMinute":915928,"stat.useItem.123":4,"stat.swimOneCm":16148,"stat.mobKills":3,"stat.useItem.171":1,"stat.useItem.390":2,"stat.horseOneCm":272615,"stat.useItem.397":5,"stat.walkOneCm":698581,"stat.useItem.77":1,"stat.useItem.35":1650,"stat.useItem.276":5,"stat.useItem.148":33,"stat.jump":1073,"stat.useItem.1":390,"stat.useItem.331":5,"stat.useItem.20":1}