{"stat.useItem.3":205,"stat.useItem.65":4,"achievement.exploreAllBiomes":{"value":0,"progress":["Sunflower Plains","Extreme Hills+","Taiga","Extreme Hills","Ocean","TaigaHills","Plains","ForestHills","Forest","Taiga M","Beach","Stone Beach","River"]},"stat.useItem.324":12,"stat.useItem.126":31,"stat.useItem.53":487,"stat.useItem.48":799,"stat.useItem.30":69,"stat.useItem.89":146,"achievement.openInventory":268,"stat.damageDealt":550,"stat.useItem.50":778,"stat.useItem.259":513,"stat.killEntity.Cow":2,"stat.useItem.323":36,"stat.useItem.5":6996,"stat.useItem.355":2,"stat.useItem.354":3,"stat.useItem.86":3,"stat.flyOneCm":2684330,"stat.useItem.321":68,"stat.useItem.69":32,"stat.killEntity.EntityHorse":1,"stat.climbOneCm":2995,"stat.useItem.87":32,"stat.drop":12,"stat.useItem.136":23,"stat.useItem.47":129,"stat.useItem.76":20,"stat.leaveGame":16,"stat.diveOneCm":25315,"stat.useItem.356":12,"stat.useItem.158":2,"stat.useItem.330":8,"stat.useItem.54":97,"stat.useItem.159":1,"stat.useItem.106":6,"stat.useItem.17":131,"stat.useItem.61":41,"stat.useItem.272":4,"stat.useItem.85":257,"stat.playOneMinute":564322,"stat.useItem.123":65,"stat.useItem.107":1,"stat.useItem.108":1404,"stat.swimOneCm":12766,"stat.mobKills":3,"stat.useItem.171":703,"stat.useItem.390":109,"stat.useItem.397":10,"stat.useItem.98":1867,"stat.walkOneCm":2824808,"stat.useItem.77":5,"stat.useItem.35":10,"stat.useItem.276":1,"stat.useItem.44":210,"stat.jump":1247,"stat.useItem.1":2,"stat.useItem.20":88,"stat.useItem.331":62,"stat.useItem.12":257,"stat.useItem.102":1231,"stat.useItem.101":35}