{"stat.useItem.66":54,"stat.killEntity.Sheep":1,"stat.useItem.3":1822,"stat.useItem.351":53,"achievement.exploreAllBiomes":{"value":0,"progress":["Sunflower Plains","Forest","Extreme Hills+","Taiga M","Taiga","Deep Ocean","Extreme Hills","Plains","Beach","TaigaHills","River","ForestHills"]},"stat.useItem.324":9,"stat.useItem.126":1802,"stat.useItem.25":1,"stat.useItem.143":12,"stat.useItem.30":34,"stat.useItem.72":56,"stat.useItem.89":473,"achievement.openInventory":257,"stat.useItem.361":37,"stat.useItem.151":247,"stat.damageDealt":405,"stat.useItem.23":5,"stat.useItem.96":151,"stat.useItem.50":2,"stat.useItem.259":4,"stat.useItem.49":4,"stat.useItem.5":2142,"stat.useItem.323":40,"stat.useItem.293":367,"stat.flyOneCm":4333789,"stat.useItem.33":19,"stat.useItem.160":101,"stat.useItem.95":2500,"stat.useItem.38":28,"stat.useItem.47":64,"stat.useItem.355":21,"stat.useItem.354":1,"stat.useItem.380":15,"stat.useItem.321":82,"stat.useItem.69":23,"stat.climbOneCm":3080,"stat.useItem.156":271,"stat.killEntity.Chicken":1,"stat.drop":12,"stat.useItem.18":342,"stat.useItem.135":206,"stat.useItem.175":31,"stat.useItem.29":36,"stat.useItem.164":9,"stat.useItem.392":91,"stat.useItem.356":17,"stat.useItem.154":5,"stat.useItem.159":934,"stat.useItem.106":94,"stat.killEntity.Wolf":1,"stat.useItem.17":2,"stat.useItem.328":14,"stat.useItem.84":3,"stat.playOneMinute":1531968,"stat.craftItem.361":4,"stat.useItem.123":25,"stat.useItem.37":7,"stat.useItem.155":3091,"stat.useItem.76":36,"stat.leaveGame":29,"stat.craftItem.362":1,"stat.diveOneCm":67058,"stat.useItem.6":16,"stat.useItem.131":1,"stat.useItem.391":88,"stat.useItem.330":16,"stat.useItem.54":62,"stat.useItem.109":39,"stat.useItem.295":36,"stat.useItem.61":7,"stat.useItem.134":15,"stat.useItem.362":46,"stat.useItem.85":247,"stat.boatOneCm":17567,"stat.useItem.58":16,"stat.swimOneCm":57336,"stat.useItem.113":2,"stat.useItem.162":2,"stat.mobKills":3,"stat.useItem.42":2407,"stat.useItem.171":34,"stat.useItem.390":17,"stat.useItem.397":2,"stat.useItem.98":396,"stat.walkOneCm":1962837,"stat.useItem.35":393,"stat.minecartOneCm":5708,"stat.useItem.276":1,"stat.useItem.44":738,"stat.jump":2663,"stat.useItem.331":195,"stat.useItem.13":145,"stat.useItem.12":264,"stat.useItem.101":9,"stat.useItem.128":1}