{"stat.useItem.89":4,"achievement.openInventory":41,"stat.useItem.3":43,"achievement.exploreAllBiomes":{"value":0,"progress":["Sunflower Plains","Forest","Extreme Hills+","Taiga M","Extreme Hills","Ocean","Beach","Plains","River"]},"stat.useItem.324":9,"stat.useItem.50":244,"stat.useItem.126":6,"stat.useItem.53":11,"stat.useItem.25":4,"stat.useItem.5":234,"stat.useItem.69":11,"stat.drop":5,"stat.flyOneCm":252922,"stat.useItem.155":1780,"stat.leaveGame":3,"stat.diveOneCm":664,"stat.useItem.54":2,"stat.useItem.159":93,"stat.playOneMinute":85359,"stat.useItem.109":238,"stat.jump":365,"stat.useItem.1":430,"stat.swimOneCm":3036,"stat.useItem.390":1,"stat.useItem.98":34,"stat.useItem.102":1,"stat.walkOneCm":303904,"stat.useItem.77":12,"stat.useItem.35":235,"stat.useItem.44":220}