{"stat.useItem.130":4,"stat.useItem.146":5,"stat.useItem.338":25,"stat.useItem.3":371,"stat.useItem.351":10,"achievement.exploreAllBiomes":{"value":0,"progress":["Sunflower Plains","Extreme Hills+","Deep Ocean","Extreme Hills","Ocean","TaigaHills","Plains","ForestHills","Forest","Taiga M","Beach","River","Stone Beach"]},"stat.useItem.324":16,"stat.useItem.24":214,"stat.useItem.404":4,"stat.useItem.126":15,"stat.useItem.25":14,"stat.useItem.48":10,"stat.useItem.89":246,"achievement.openInventory":438,"stat.useItem.151":4,"stat.damageDealt":55,"stat.useItem.23":21,"stat.useItem.96":6,"stat.useItem.50":94,"stat.useItem.259":2,"stat.useItem.323":11,"stat.useItem.5":172,"stat.useItem.31":1,"stat.flyOneCm":8105667,"stat.useItem.33":34,"stat.useItem.160":120,"stat.useItem.95":2166,"stat.useItem.38":20,"stat.useItem.47":14,"stat.useItem.355":16,"stat.useItem.86":34,"stat.useItem.380":3,"stat.useItem.321":106,"stat.useItem.69":11,"stat.useItem.156":428,"stat.useItem.2261":3,"stat.useItem.379":3,"stat.drop":27,"stat.useItem.18":81,"stat.useItem.155":9633,"stat.useItem.70":26,"stat.useItem.76":22,"stat.useItem.29":1,"stat.leaveGame":19,"stat.diveOneCm":77264,"stat.useItem.6":25,"stat.useItem.356":1,"stat.useItem.131":3,"stat.useItem.330":16,"stat.useItem.154":12,"stat.useItem.54":9,"stat.useItem.159":64,"stat.useItem.106":65,"stat.useItem.17":38,"stat.useItem.61":6,"stat.useItem.85":25,"stat.useItem.116":4,"stat.useItem.84":13,"stat.useItem.383":10,"stat.useItem.129":3,"stat.useItem.57":8,"stat.playOneMinute":1531556,"stat.useItem.123":3,"stat.useItem.58":2,"stat.swimOneCm":22990,"stat.useItem.161":20,"stat.useItem.147":1,"stat.useItem.171":347,"stat.useItem.390":55,"stat.useItem.397":3,"stat.walkOneCm":2594727,"stat.useItem.77":6,"stat.useItem.35":1036,"stat.useItem.44":951,"stat.useItem.148":5,"stat.jump":1013,"stat.useItem.1":31,"stat.useItem.331":3,"stat.useItem.13":95,"stat.useItem.12":117,"stat.useItem.138":21,"stat.useItem.102":96,"stat.useItem.101":8}