{"stat.useItem.3":168,"stat.useItem.65":13,"stat.useItem.351":181,"achievement.exploreAllBiomes":{"value":0,"progress":["Sunflower Plains","Forest","Extreme Hills","Ocean","Beach","Plains","River","ForestHills"]},"stat.useItem.324":6,"stat.useItem.112":92,"stat.useItem.126":153,"stat.useItem.48":87,"stat.useItem.30":3,"stat.useItem.89":43,"achievement.openInventory":49,"stat.useItem.323":2,"stat.useItem.5":302,"stat.useItem.355":2,"stat.flyOneCm":663876,"stat.useItem.160":32,"stat.climbOneCm":4781,"stat.useItem.38":1,"stat.useItem.39":1,"stat.useItem.18":27,"stat.drop":2,"stat.useItem.47":41,"stat.useItem.4":17,"stat.leaveGame":1,"stat.useItem.6":44,"stat.diveOneCm":7125,"stat.useItem.54":4,"stat.useItem.106":41,"stat.playOneMinute":126285,"stat.useItem.114":61,"stat.useItem.17":306,"stat.useItem.61":1,"stat.useItem.134":66,"stat.useItem.85":122,"stat.jump":242,"stat.useItem.58":3,"stat.useItem.1":287,"stat.swimOneCm":7332,"stat.useItem.20":60,"stat.useItem.98":97,"stat.walkOneCm":530932,"stat.useItem.101":9,"stat.useItem.44":144,"stat.useItem.67":4}