{"stat.useItem.139":59,"stat.useItem.146":2,"stat.useItem.3":231,"achievement.exploreAllBiomes":{"value":0,"progress":["Extreme Hills+","Taiga","Extreme Hills","Beach","Plains","River","ForestHills"]},"stat.useItem.324":7,"stat.useItem.126":158,"stat.useItem.53":384,"stat.useItem.143":3,"achievement.openInventory":201,"stat.useItem.96":4,"stat.useItem.50":1,"stat.useItem.259":6,"stat.useItem.323":13,"stat.useItem.5":112,"stat.useItem.31":13,"stat.useItem.380":2,"stat.flyOneCm":423353,"stat.useItem.45":131,"stat.useItem.87":2,"stat.drop":3,"stat.useItem.18":78,"stat.useItem.4":276,"stat.leaveGame":5,"stat.diveOneCm":2999,"stat.useItem.385":1,"achievement.mineWood":1,"stat.useItem.54":5,"stat.playOneMinute":177383,"stat.useItem.17":821,"stat.useItem.21":2,"stat.useItem.61":6,"stat.useItem.107":7,"stat.useItem.108":70,"stat.useItem.85":83,"stat.useItem.58":1,"stat.swimOneCm":2824,"stat.useItem.390":2,"stat.useItem.98":44,"stat.walkOneCm":140223,"stat.useItem.77":12,"stat.useItem.145":1,"stat.useItem.35":147,"stat.useItem.170":4,"stat.useItem.44":111,"stat.useItem.67":146,"stat.jump":228,"stat.useItem.1":251,"stat.useItem.13":52,"stat.useItem.102":75,"stat.useItem.101":2}