{"stat.useItem.173":97,"achievement.openInventory":33,"stat.killEntity.Sheep":1,"stat.damageDealt":100,"stat.useItem.3":18,"achievement.exploreAllBiomes":{"value":0,"progress":["Forest","Sunflower Plains","Deep Ocean","Ocean","Extreme Hills","Beach","Plains","River","ForestHills"]},"stat.useItem.49":2,"stat.useItem.259":4,"stat.drop":11,"stat.useItem.355":2,"stat.flyOneCm":298145,"stat.useItem.155":565,"stat.leaveGame":3,"stat.useItem.383":6,"stat.useItem.159":1,"stat.playOneMinute":62433,"stat.useItem.109":5,"stat.useItem.272":1,"stat.walkOneCm":231422,"stat.jump":461,"stat.useItem.145":1,"stat.mobKills":1,"stat.useItem.98":81}