{"stat.useItem.66":95,"stat.useItem.3":1092,"stat.useItem.65":47,"achievement.exploreAllBiomes":{"value":0,"progress":["Sunflower Plains","Extreme Hills+","Taiga","Deep Ocean","Ocean","Extreme Hills","TaigaHills","Plains","ForestHills","Forest","Taiga M","Beach","Stone Beach","River"]},"stat.useItem.112":23,"stat.useItem.324":15,"stat.useItem.126":18,"stat.useItem.25":7,"stat.useItem.103":2,"stat.useItem.89":2,"achievement.openInventory":384,"stat.useItem.151":2,"stat.useItem.96":4,"stat.useItem.50":185,"stat.useItem.49":35,"stat.useItem.259":191,"stat.useItem.323":75,"stat.useItem.5":1342,"stat.flyOneCm":2917104,"stat.useItem.33":7,"stat.useItem.160":22,"stat.useItem.95":552,"stat.useItem.47":40,"stat.useItem.4":15,"stat.useItem.355":3,"stat.useItem.86":19,"stat.useItem.354":133,"stat.useItem.380":5,"stat.useItem.321":263,"stat.useItem.69":9,"stat.climbOneCm":8631,"stat.useItem.87":316,"stat.useItem.39":6,"stat.drop":10,"stat.useItem.153":8,"stat.useItem.135":300,"stat.useItem.175":91,"stat.useItem.76":30,"stat.useItem.70":2,"stat.useItem.29":2,"stat.leaveGame":11,"stat.diveOneCm":41709,"stat.useItem.2266":33,"stat.useItem.158":5,"stat.useItem.330":6,"stat.useItem.54":121,"stat.useItem.159":95,"stat.useItem.17":129,"stat.useItem.61":9,"stat.useItem.85":63,"stat.useItem.328":7,"stat.useItem.84":3,"stat.useItem.116":2,"stat.useItem.383":19,"stat.playOneMinute":1309678,"stat.useItem.114":29,"stat.useItem.123":7,"stat.useItem.407":1,"stat.swimOneCm":8827,"stat.useItem.113":73,"stat.useItem.42":8,"stat.useItem.171":156,"stat.useItem.390":44,"stat.useItem.397":48,"stat.walkOneCm":1066964,"stat.useItem.77":11,"stat.useItem.35":5957,"stat.minecartOneCm":47799,"stat.useItem.342":1,"stat.useItem.44":73,"stat.useItem.27":41,"stat.jump":1945,"stat.useItem.1":38,"stat.useItem.20":2,"stat.useItem.28":10}