{"stat.killEntity.Sheep":1,"stat.useItem.3":107,"achievement.exploreAllBiomes":{"value":0,"progress":["Forest","Sunflower Plains","Extreme Hills+","Extreme Hills","Ocean","Plains","River","ForestHills"]},"stat.useItem.324":4,"stat.useItem.24":187,"stat.useItem.126":40,"stat.useItem.72":1,"stat.useItem.89":29,"achievement.openInventory":254,"stat.damageDealt":185,"stat.useItem.23":49,"stat.useItem.97":113,"stat.useItem.323":6,"stat.useItem.5":255,"stat.useItem.380":54,"stat.flyOneCm":1195840,"stat.useItem.33":17,"stat.useItem.321":33,"stat.useItem.160":72,"stat.useItem.152":9,"stat.useItem.69":35,"stat.climbOneCm":1059,"stat.useItem.45":24,"stat.useItem.136":2,"stat.drop":36,"stat.useItem.4":58,"stat.useItem.155":9,"stat.useItem.70":9,"stat.useItem.76":28,"stat.useItem.29":3,"stat.leaveGame":5,"stat.diveOneCm":2471,"stat.useItem.356":6,"stat.useItem.54":15,"stat.useItem.106":33,"stat.useItem.61":4,"stat.useItem.134":2,"stat.useItem.85":75,"stat.useItem.116":2,"stat.useItem.383":9,"stat.playOneMinute":307854,"stat.useItem.163":3,"stat.useItem.123":40,"stat.killEntity.Pig":1,"stat.useItem.58":17,"stat.swimOneCm":4432,"stat.useItem.162":22,"stat.mobKills":2,"stat.useItem.171":123,"stat.useItem.98":120,"stat.walkOneCm":566747,"stat.useItem.77":7,"stat.useItem.145":1,"stat.useItem.35":155,"stat.useItem.44":597,"stat.useItem.7":22,"stat.jump":407,"stat.useItem.20":1,"stat.useItem.331":141,"stat.useItem.13":62,"stat.useItem.138":1,"stat.useItem.102":35,"stat.useItem.101":3,"stat.useItem.128":94}