{"stat.damageDealt":240,"achievement.exploreAllBiomes":{"value":0,"progress":["Sunflower Plains","Extreme Hills+","Taiga","Deep Ocean","Extreme Hills","Ocean","TaigaHills","Plains","ForestHills","Forest","Taiga M","Beach","Stone Beach","River"]},"achievement.openInventory":4,"stat.killEntity.Sheep":1,"stat.drop":1,"stat.flyOneCm":1020008,"stat.playOneMinute":36138,"stat.leaveGame":4,"stat.diveOneCm":2271,"stat.useItem.272":2,"stat.killEntity.Pig":1,"stat.useItem.273":1,"stat.walkOneCm":34878,"stat.jump":60,"stat.swimOneCm":13558,"stat.mobKills":2}