{"achievement.openInventory":25,"stat.useItem.3":385,"achievement.exploreAllBiomes":{"value":0,"progress":["Forest","Sunflower Plains","Taiga","Extreme Hills","Beach","Plains","River","ForestHills"]},"stat.useItem.324":2,"stat.useItem.126":56,"stat.useItem.5":1856,"stat.useItem.323":2,"stat.climbOneCm":322,"stat.useItem.18":7,"stat.flyOneCm":567236,"stat.useItem.159":1,"stat.playOneMinute":143603,"stat.leaveGame":5,"stat.useItem.17":605,"stat.useItem.102":40,"stat.walkOneCm":103239,"stat.jump":69,"stat.swimOneCm":11,"stat.useItem.162":2}