{"stat.killEntity.Sheep":191,"stat.useItem.3":893,"stat.useItem.65":83,"stat.useItem.351":337,"achievement.exploreAllBiomes":{"value":0,"progress":["Sunflower Plains","Forest","Extreme Hills+","Taiga M","Extreme Hills","Ocean","Plains","Beach","TaigaHills","River","Stone Beach","ForestHills"]},"stat.useItem.324":22,"stat.useItem.126":5,"stat.useItem.53":29,"stat.useItem.143":1,"stat.useItem.2262":2,"stat.useItem.72":9,"stat.useItem.89":32,"achievement.openInventory":176,"stat.damageDealt":60,"stat.useItem.23":2,"stat.useItem.50":50,"stat.useItem.259":7,"stat.useItem.5":3714,"stat.useItem.323":17,"stat.useItem.31":8,"stat.useItem.293":196,"stat.flyOneCm":2076898,"stat.useItem.38":13,"stat.useItem.47":107,"stat.useItem.4":94,"stat.useItem.355":7,"stat.useItem.86":24,"stat.useItem.380":1,"stat.useItem.321":8,"stat.useItem.69":11,"stat.climbOneCm":33437,"stat.useItem.2261":1,"stat.useItem.87":4,"stat.killEntity.Chicken":3,"stat.drop":122,"stat.useItem.18":15,"stat.useItem.175":54,"stat.leaveGame":10,"stat.diveOneCm":3733,"stat.useItem.6":68,"stat.useItem.356":25,"stat.useItem.330":2,"stat.useItem.154":3,"achievement.mineWood":2,"stat.useItem.54":4,"stat.useItem.159":1,"stat.useItem.295":202,"stat.useItem.17":16,"stat.useItem.61":5,"stat.useItem.85":276,"stat.useItem.116":1,"stat.useItem.84":1,"stat.useItem.383":64,"stat.useItem.57":38,"stat.playOneMinute":408352,"stat.useItem.123":10,"stat.useItem.58":1,"stat.swimOneCm":32820,"stat.useItem.162":2,"stat.mobKills":194,"stat.useItem.42":72,"stat.useItem.389":2,"stat.useItem.147":4,"stat.useItem.171":27,"stat.useItem.390":4,"stat.useItem.98":260,"stat.walkOneCm":816861,"stat.useItem.145":2,"stat.useItem.35":4,"stat.useItem.170":36,"stat.jump":2001,"stat.useItem.1":21,"stat.useItem.20":793,"stat.useItem.331":20,"stat.useItem.138":37,"stat.useItem.101":11}