{"stat.useItem.130":7,"stat.useItem.146":46,"stat.useItem.3":191,"achievement.exploreAllBiomes":{"value":0,"progress":["Sunflower Plains","Forest","Extreme Hills+","Taiga M","Taiga","Ocean","Extreme Hills","Beach","Plains","Roofed Forest","Stone Beach","River","ForestHills"]},"stat.useItem.324":86,"stat.useItem.404":2,"stat.useItem.53":56,"stat.useItem.143":8,"stat.useItem.72":9,"stat.useItem.89":1870,"achievement.openInventory":288,"stat.damageDealt":35,"stat.useItem.23":46,"stat.useItem.96":18,"stat.useItem.50":343,"stat.useItem.259":2,"stat.useItem.49":25,"stat.useItem.323":25,"stat.useItem.5":2248,"stat.flyOneCm":2717063,"stat.useItem.95":155,"stat.useItem.133":18,"stat.useItem.47":148,"stat.useItem.355":52,"stat.useItem.86":8,"stat.useItem.321":89,"stat.useItem.152":5,"stat.useItem.69":52,"stat.climbOneCm":2530,"stat.useItem.156":796,"stat.drop":44,"stat.useItem.18":29,"stat.useItem.155":5340,"stat.useItem.76":88,"stat.useItem.29":119,"stat.leaveGame":15,"stat.diveOneCm":5773,"stat.useItem.356":227,"stat.useItem.158":6,"stat.useItem.330":5,"stat.useItem.154":9,"stat.useItem.54":212,"stat.useItem.159":9,"stat.useItem.17":117,"stat.useItem.61":166,"stat.useItem.85":35,"stat.useItem.116":30,"stat.useItem.84":15,"stat.useItem.383":47,"stat.useItem.2267":34,"stat.playOneMinute":746908,"stat.useItem.58":100,"stat.swimOneCm":20264,"stat.useItem.171":739,"stat.walkOneCm":2627623,"stat.useItem.77":2,"stat.useItem.145":17,"stat.useItem.44":4,"stat.jump":1403,"stat.useItem.1":710,"stat.useItem.20":431,"stat.useItem.331":326,"stat.useItem.12":1,"stat.useItem.138":1}