{"stat.useItem.3":1044,"stat.useItem.65":3,"achievement.exploreAllBiomes":{"value":0,"progress":["Sunflower Plains","Extreme Hills+","Taiga M","Extreme Hills","Beach","Plains","TaigaHills","River","ForestHills"]},"stat.useItem.112":11,"stat.useItem.324":19,"stat.useItem.24":1542,"stat.useItem.126":489,"stat.useItem.53":5,"stat.useItem.25":2,"stat.useItem.143":2,"stat.useItem.30":23,"stat.useItem.72":6,"stat.useItem.89":126,"achievement.openInventory":276,"stat.useItem.151":5,"stat.damageDealt":460,"stat.useItem.23":6,"stat.useItem.97":56,"stat.useItem.96":32,"stat.useItem.50":167,"stat.useItem.5":153,"stat.useItem.323":3,"stat.useItem.31":30,"stat.flyOneCm":1150142,"stat.useItem.33":8,"stat.useItem.160":142,"stat.useItem.95":25,"stat.useItem.38":2,"stat.useItem.47":12,"stat.useItem.355":5,"stat.useItem.354":1,"stat.useItem.380":2,"stat.useItem.321":74,"stat.useItem.69":26,"stat.climbOneCm":1530,"stat.useItem.156":66,"stat.useItem.379":3,"stat.drop":10,"stat.useItem.18":17,"stat.useItem.135":3,"stat.useItem.175":19,"stat.useItem.155":713,"stat.useItem.29":1,"stat.leaveGame":23,"stat.diveOneCm":41078,"stat.useItem.158":11,"stat.useItem.131":1,"stat.useItem.330":12,"stat.useItem.154":6,"stat.useItem.54":6,"stat.killEntity.Villager":2,"stat.useItem.106":28,"stat.useItem.109":49,"stat.useItem.61":2,"stat.useItem.134":13,"stat.useItem.85":78,"stat.useItem.383":58,"stat.playOneMinute":764448,"stat.useItem.114":9,"stat.useItem.163":1,"stat.useItem.32":1,"stat.useItem.123":23,"stat.useItem.107":1,"stat.useItem.58":1,"stat.swimOneCm":15360,"stat.useItem.113":84,"stat.mobKills":2,"stat.useItem.147":5,"stat.useItem.171":36,"stat.useItem.390":9,"stat.useItem.397":4,"stat.useItem.98":212,"stat.walkOneCm":1383417,"stat.useItem.77":20,"stat.useItem.145":4,"stat.useItem.35":128,"stat.useItem.170":6,"stat.useItem.44":194,"stat.useItem.148":1,"stat.jump":1388,"stat.useItem.1":730,"stat.useItem.331":9,"stat.useItem.12":102,"stat.useItem.101":125,"stat.useItem.128":76}