{"stat.useItem.139":4,"stat.useItem.3":401,"stat.useItem.65":17,"achievement.exploreAllBiomes":{"value":0,"progress":["Sunflower Plains","Forest","Extreme Hills+","Taiga M","Taiga","Ocean","Extreme Hills","Plains","TaigaHills","Stone Beach","River","ForestHills"]},"stat.useItem.324":21,"stat.useItem.126":386,"stat.useItem.53":36,"stat.useItem.30":600,"stat.useItem.2262":2,"stat.useItem.72":2,"stat.useItem.89":9,"achievement.openInventory":453,"stat.useItem.151":17,"stat.damageDealt":25,"stat.useItem.23":30,"stat.useItem.96":9,"stat.useItem.50":13,"stat.useItem.259":5,"stat.useItem.49":133,"stat.useItem.323":60,"stat.useItem.5":2988,"stat.flyOneCm":2881124,"stat.useItem.33":38,"stat.useItem.160":34,"stat.useItem.38":1,"stat.useItem.88":7,"stat.useItem.47":36,"stat.useItem.355":12,"stat.useItem.354":4,"stat.useItem.86":7,"stat.useItem.380":8,"stat.useItem.321":119,"stat.useItem.69":34,"stat.climbOneCm":18600,"stat.useItem.45":163,"stat.useItem.156":28,"stat.useItem.2261":1,"stat.useItem.87":8,"stat.craftItem.263":1,"stat.drop":226,"stat.useItem.18":271,"stat.useItem.135":331,"stat.useItem.155":51,"stat.useItem.70":6,"stat.useItem.76":69,"stat.useItem.29":43,"stat.leaveGame":12,"stat.diveOneCm":32082,"stat.useItem.356":49,"stat.useItem.131":2,"stat.useItem.385":11,"stat.useItem.54":5,"stat.useItem.159":335,"stat.useItem.106":193,"stat.useItem.17":359,"stat.useItem.61":6,"stat.useItem.85":78,"stat.useItem.80":11,"stat.useItem.84":1,"stat.useItem.383":15,"stat.playOneMinute":802766,"stat.useItem.123":19,"stat.useItem.107":2,"stat.useItem.108":8,"stat.useItem.58":1,"stat.swimOneCm":10532,"stat.useItem.113":33,"stat.useItem.42":51,"stat.useItem.171":227,"stat.useItem.390":65,"stat.horseOneCm":136029,"stat.walkOneCm":948352,"stat.useItem.77":11,"stat.useItem.145":2,"stat.useItem.35":492,"stat.useItem.170":18,"stat.useItem.44":45,"stat.useItem.82":5,"stat.jump":1663,"stat.useItem.1":9,"stat.useItem.20":60,"stat.useItem.331":226,"stat.useItem.102":86,"stat.useItem.101":5}