{"stat.useItem.139":64,"stat.killEntity.Sheep":3,"stat.useItem.338":34,"stat.useItem.3":3790,"stat.useItem.65":1,"stat.useItem.351":775,"achievement.exploreAllBiomes":{"value":0,"progress":["Sunflower Plains","Forest","Extreme Hills+","Taiga M","Deep Ocean","Ocean","Extreme Hills","Plains","Beach","River","ForestHills"]},"stat.useItem.324":20,"stat.useItem.126":64,"stat.useItem.53":143,"stat.useItem.48":205,"stat.useItem.30":74,"stat.useItem.89":44,"achievement.openInventory":550,"stat.damageDealt":1185,"stat.useItem.19":5,"stat.useItem.96":272,"stat.useItem.50":88,"stat.useItem.259":14,"stat.killEntity.Cow":2,"stat.useItem.323":131,"stat.useItem.5":4629,"stat.flyOneCm":6230936,"stat.useItem.33":5,"stat.useItem.160":228,"stat.useItem.95":62,"stat.useItem.38":19,"stat.useItem.47":76,"stat.useItem.4":7,"stat.useItem.355":6,"stat.useItem.321":111,"stat.climbOneCm":4959,"stat.useItem.45":142,"stat.useItem.156":6,"stat.useItem.87":12,"stat.killEntity.Chicken":4,"stat.useItem.136":5,"stat.drop":9,"stat.useItem.18":73,"stat.useItem.135":249,"stat.useItem.155":236,"stat.useItem.70":2,"stat.useItem.164":96,"stat.leaveGame":16,"stat.diveOneCm":17117,"stat.useItem.6":58,"stat.useItem.158":1,"stat.useItem.330":6,"stat.useItem.154":3,"stat.useItem.54":4,"stat.useItem.159":393,"stat.useItem.106":215,"stat.useItem.17":14,"stat.useItem.61":11,"stat.useItem.272":1,"stat.useItem.134":46,"stat.useItem.85":538,"stat.useItem.80":2,"stat.useItem.116":6,"stat.useItem.84":4,"stat.useItem.383":4,"stat.playOneMinute":1264860,"stat.killEntity.Pig":2,"stat.useItem.108":85,"stat.useItem.58":21,"stat.swimOneCm":36223,"stat.useItem.113":13,"stat.useItem.161":127,"stat.mobKills":11,"stat.useItem.171":222,"stat.useItem.390":59,"stat.useItem.397":31,"stat.walkOneCm":2442439,"stat.useItem.35":85,"stat.useItem.44":183,"stat.useItem.276":4,"stat.useItem.148":3,"stat.useItem.82":192,"stat.jump":1511,"stat.useItem.1":1,"stat.useItem.13":147,"stat.useItem.12":637,"stat.useItem.102":6,"stat.useItem.101":16}