{"stat.useItem.3":35,"achievement.exploreAllBiomes":{"value":0,"progress":["Sunflower Plains","Forest","Taiga M","Taiga","Extreme Hills","Beach","Plains","River","ForestHills"]},"stat.useItem.324":7,"stat.useItem.24":19,"stat.useItem.126":25,"stat.useItem.53":27,"stat.useItem.72":4,"stat.useItem.89":12,"achievement.openInventory":78,"stat.useItem.23":6,"stat.useItem.50":4,"stat.useItem.49":17,"stat.useItem.259":2,"stat.useItem.5":1056,"stat.useItem.355":4,"stat.useItem.354":1,"stat.flyOneCm":1391262,"stat.useItem.69":1,"stat.climbOneCm":3656,"stat.drop":73,"stat.craftItem.259":1,"stat.useItem.76":9,"stat.leaveGame":23,"stat.diveOneCm":10739,"stat.useItem.131":3,"stat.useItem.159":4,"stat.playOneMinute":203718,"stat.useItem.123":11,"stat.useItem.108":155,"stat.useItem.85":39,"stat.jump":707,"stat.useItem.58":2,"stat.useItem.1":38,"stat.swimOneCm":27589,"stat.useItem.102":24,"stat.walkOneCm":631621,"stat.useItem.35":15,"stat.useItem.44":161}