{"stat.useItem.139":48,"stat.useItem.174":6,"stat.useItem.3":3229,"achievement.exploreAllBiomes":{"value":0,"progress":["Forest","Sunflower Plains","Extreme Hills+","Taiga M","Deep Ocean","Taiga","Ocean","Extreme Hills","Plains","Beach","River","ForestHills"]},"stat.useItem.112":1,"stat.useItem.2257":4,"stat.useItem.404":7,"stat.useItem.126":64,"stat.useItem.53":10,"stat.useItem.143":30,"stat.useItem.89":60,"achievement.openInventory":779,"stat.useItem.151":33,"stat.useItem.19":1,"stat.useItem.23":20,"stat.useItem.96":9,"stat.useItem.259":4,"stat.useItem.5":398,"stat.useItem.323":2,"stat.flyOneCm":3638897,"stat.useItem.33":132,"stat.useItem.160":6,"stat.useItem.95":545,"stat.useItem.47":18,"stat.useItem.4":9,"stat.useItem.355":16,"stat.useItem.321":29,"stat.useItem.152":1587,"stat.useItem.69":103,"stat.climbOneCm":130,"stat.useItem.156":439,"stat.useItem.87":9,"stat.drop":2,"stat.useItem.18":22,"stat.useItem.135":2,"stat.useItem.155":1318,"stat.useItem.70":8,"stat.useItem.76":704,"stat.useItem.29":1024,"stat.leaveGame":13,"stat.diveOneCm":13588,"stat.useItem.356":559,"stat.useItem.158":1,"stat.useItem.54":9,"stat.useItem.159":129,"stat.useItem.106":27,"stat.useItem.17":1319,"stat.useItem.61":12,"stat.useItem.134":158,"stat.useItem.85":60,"stat.useItem.80":1,"stat.useItem.84":3,"stat.playOneMinute":1891818,"stat.useItem.114":1,"stat.useItem.123":28,"stat.useItem.107":2,"stat.useItem.58":4,"stat.swimOneCm":47870,"stat.useItem.161":6,"stat.useItem.42":1131,"stat.useItem.147":1,"stat.useItem.171":58,"stat.useItem.390":5,"stat.walkOneCm":4049358,"stat.useItem.77":8,"stat.useItem.145":4,"stat.useItem.35":446,"stat.useItem.44":91,"stat.useItem.67":10,"stat.useItem.56":1,"stat.useItem.148":2,"stat.jump":4646,"stat.useItem.1":3958,"stat.useItem.20":1,"stat.useItem.331":2019,"stat.useItem.13":102,"stat.useItem.12":49,"stat.useItem.138":1,"stat.useItem.101":24}