{"stat.useItem.130":1,"stat.useItem.146":2,"stat.useItem.3":518,"stat.useItem.65":3,"achievement.exploreAllBiomes":{"value":0,"progress":["Sunflower Plains","Forest","Extreme Hills+","Taiga M","Taiga","Extreme Hills","Ocean","Plains","River","Stone Beach","ForestHills"]},"stat.useItem.324":20,"stat.useItem.126":93,"stat.useItem.53":34,"stat.useItem.72":2,"stat.useItem.89":21,"achievement.openInventory":233,"stat.useItem.151":1,"stat.damageDealt":10,"stat.useItem.23":11,"stat.useItem.96":10,"stat.useItem.50":2,"stat.useItem.49":3,"stat.useItem.5":859,"stat.useItem.323":32,"stat.useItem.355":8,"stat.useItem.380":3,"stat.flyOneCm":1389438,"stat.useItem.321":71,"stat.useItem.160":176,"stat.useItem.69":17,"stat.climbOneCm":2136,"stat.useItem.156":250,"stat.drop":15,"stat.useItem.18":3,"stat.useItem.135":45,"stat.useItem.70":2,"stat.useItem.76":4,"stat.useItem.155":1829,"stat.useItem.29":6,"stat.leaveGame":2,"stat.useItem.164":5,"stat.diveOneCm":6820,"stat.useItem.356":5,"stat.useItem.330":16,"stat.useItem.154":3,"stat.useItem.54":31,"stat.useItem.159":443,"stat.useItem.109":276,"stat.useItem.17":183,"stat.useItem.61":8,"stat.useItem.85":9,"stat.useItem.383":3,"stat.playOneMinute":324225,"stat.useItem.163":35,"stat.useItem.123":10,"stat.useItem.108":2,"stat.useItem.58":6,"stat.swimOneCm":6125,"stat.useItem.42":25,"stat.useItem.162":48,"stat.useItem.171":24,"stat.useItem.390":1,"stat.useItem.98":207,"stat.walkOneCm":590215,"stat.useItem.35":14,"stat.useItem.44":351,"stat.useItem.148":19,"stat.jump":639,"stat.useItem.331":55,"stat.useItem.20":8,"stat.useItem.13":30,"stat.useItem.101":84}