{"stat.useItem.139":42,"stat.useItem.2258":1,"stat.useItem.146":1,"stat.killEntity.Sheep":1,"stat.useItem.3":799,"stat.useItem.65":111,"stat.useItem.2257":1,"stat.useItem.404":7,"stat.useItem.126":136,"stat.useItem.48":65,"stat.useItem.420":2,"stat.useItem.72":2,"stat.useItem.103":4,"stat.useItem.89":2,"achievement.openInventory":1532,"stat.damageDealt":660,"stat.useItem.96":27,"stat.useItem.50":128,"stat.killEntity.Bat":2,"stat.killEntity.Cow":1,"stat.useItem.323":65,"stat.useItem.338":16,"stat.useItem.351":53,"achievement.exploreAllBiomes":{"value":0,"progress":["Sunflower Plains","Extreme Hills+","Taiga","Deep Ocean","Ocean","Extreme Hills","Plains","TaigaHills","ForestHills","Forest","Taiga M","Beach","River","Stone Beach"]},"stat.useItem.324":76,"stat.useItem.24":6664,"stat.useItem.53":178,"stat.useItem.30":126,"stat.useItem.151":6,"stat.useItem.23":86,"stat.useItem.97":1096,"stat.useItem.259":35,"stat.useItem.49":495,"stat.useItem.5":4239,"stat.flyOneCm":22063728,"stat.useItem.33":10,"stat.useItem.160":68,"stat.useItem.2256":1,"stat.useItem.38":169,"stat.useItem.133":38,"stat.useItem.47":306,"stat.useItem.4":908,"stat.useItem.355":9,"stat.useItem.86":6,"stat.useItem.380":9,"stat.useItem.321":521,"stat.useItem.152":83,"stat.useItem.69":207,"stat.climbOneCm":43349,"stat.useItem.45":946,"stat.useItem.156":683,"stat.useItem.87":33,"stat.killEntity.Chicken":1,"stat.drop":69,"stat.useItem.18":62,"stat.useItem.136":3,"stat.useItem.135":95,"stat.useItem.175":42,"stat.useItem.29":108,"stat.useItem.164":29,"stat.useItem.356":192,"achievement.mineWood":1,"stat.useItem.154":19,"stat.useItem.159":60,"stat.useItem.17":586,"stat.useItem.272":2,"stat.useItem.84":1,"stat.playOneMinute":4670013,"stat.useItem.163":4,"stat.useItem.123":376,"stat.useItem.108":391,"stat.useItem.155":2619,"stat.useItem.70":11,"stat.useItem.76":212,"stat.leaveGame":44,"stat.diveOneCm":161431,"stat.useItem.6":9,"stat.useItem.158":15,"stat.useItem.131":25,"stat.useItem.54":68,"stat.useItem.109":1732,"stat.useItem.61":9,"stat.useItem.85":477,"stat.useItem.383":5,"stat.useItem.57":11,"stat.boatOneCm":841,"stat.useItem.22":719,"stat.useItem.58":12,"stat.swimOneCm":127810,"stat.fishCaught":2,"stat.useItem.162":961,"stat.useItem.147":11,"stat.useItem.390":58,"stat.horseOneCm":1949,"stat.useItem.397":22,"stat.walkOneCm":6547542,"stat.useItem.77":13,"stat.useItem.145":1,"stat.useItem.35":1323,"stat.useItem.44":359,"stat.jump":4695,"stat.useItem.13":1075,"stat.useItem.128":248,"stat.mobKills":6,"stat.useItem.42":1,"stat.useItem.171":859,"stat.useItem.98":12452,"stat.minecartOneCm":30082,"stat.useItem.276":5,"stat.useItem.67":57,"stat.useItem.148":6,"stat.useItem.1":1666,"stat.useItem.20":249,"stat.useItem.331":865,"stat.killEntity.Squid":1,"stat.useItem.102":269,"stat.useItem.138":4,"stat.useItem.2259":1,"stat.useItem.101":358}