{"stat.useItem.139":52,"stat.killEntity.Sheep":3,"stat.useItem.3":1112,"stat.useItem.65":8,"stat.useItem.404":3,"stat.useItem.126":214,"stat.useItem.143":2,"stat.useItem.72":1,"stat.useItem.89":125,"achievement.openInventory":710,"stat.damageDealt":7220,"stat.useItem.96":34,"stat.useItem.50":254,"stat.killEntity.Cow":13,"stat.useItem.323":41,"stat.useItem.130":2,"stat.useItem.351":32,"achievement.exploreAllBiomes":{"value":0,"progress":["Sunflower Plains","Forest","Extreme Hills+","Taiga M","Taiga","Extreme Hills","Ocean","Beach","TaigaHills","Plains","River","Stone Beach","ForestHills"]},"stat.useItem.324":19,"stat.useItem.53":14,"stat.useItem.25":5,"stat.useItem.30":43,"stat.useItem.361":7,"stat.useItem.151":3,"stat.useItem.23":4,"stat.useItem.259":23,"stat.useItem.49":896,"stat.useItem.5":305,"stat.flyOneCm":5932704,"stat.useItem.160":78,"stat.useItem.47":60,"stat.useItem.4":382,"stat.useItem.355":6,"stat.useItem.354":3,"stat.useItem.156":416,"stat.killEntity.Chicken":28,"stat.useItem.136":9,"stat.useItem.135":135,"stat.useItem.293":16,"stat.useItem.33":2,"stat.useItem.95":311,"stat.useItem.380":6,"stat.useItem.86":5,"stat.useItem.321":161,"stat.killEntity.EntityHorse":4,"stat.useItem.69":68,"stat.climbOneCm":7228,"stat.useItem.45":97,"stat.useItem.87":7,"stat.useItem.18":224,"stat.drop":4,"stat.useItem.379":1,"stat.useItem.175":54,"stat.useItem.29":9,"stat.useItem.164":121,"stat.useItem.356":38,"stat.useItem.154":11,"stat.useItem.159":66,"stat.useItem.106":42,"stat.useItem.17":18,"stat.useItem.84":16,"stat.playOneMinute":1722869,"stat.useItem.163":1,"stat.useItem.123":71,"stat.killEntity.Pig":7,"stat.useItem.155":2884,"stat.useItem.70":17,"stat.leaveGame":19,"stat.diveOneCm":39834,"stat.useItem.6":3,"stat.useItem.158":13,"stat.useItem.54":77,"stat.useItem.109":121,"stat.useItem.61":11,"stat.useItem.134":14,"stat.useItem.362":6,"stat.useItem.85":70,"stat.useItem.116":2,"stat.craftItem.1":2,"stat.useItem.81":22,"stat.useItem.114":45,"stat.useItem.107":3,"stat.swimOneCm":33434,"stat.useItem.162":65,"stat.useItem.147":2,"stat.useItem.390":24,"stat.horseOneCm":53127,"stat.useItem.397":13,"stat.walkOneCm":4381986,"stat.useItem.77":5,"stat.useItem.145":2,"stat.useItem.35":411,"stat.useItem.44":437,"stat.jump":2053,"stat.useItem.13":76,"stat.useItem.12":45,"stat.useItem.113":241,"stat.useItem.42":16,"stat.mobKills":59,"stat.useItem.171":177,"stat.useItem.98":3236,"stat.useItem.170":12,"stat.useItem.276":75,"stat.useItem.67":29,"stat.useItem.148":22,"stat.useItem.1":11,"stat.useItem.20":380,"stat.useItem.331":193,"stat.killEntity.Squid":4,"stat.useItem.102":56}