{"stat.useItem.139":13,"stat.useItem.66":1,"stat.useItem.2258":3,"stat.killEntity.Sheep":1,"stat.useItem.3":498,"stat.useItem.65":38,"stat.useItem.2257":5,"stat.useItem.126":1594,"stat.useItem.143":7,"stat.useItem.72":5,"stat.useItem.103":3,"stat.useItem.89":30,"achievement.openInventory":310,"stat.damageDealt":470,"stat.useItem.96":152,"stat.useItem.50":2,"stat.useItem.323":107,"stat.useItem.130":1,"stat.useItem.338":9,"stat.useItem.351":213,"achievement.exploreAllBiomes":{"value":0,"progress":["Sunflower Plains","Extreme Hills+","Taiga","Extreme Hills","Ocean","TaigaHills","Plains","ForestHills","Forest","Taiga M","Beach","Stone Beach","River"]},"stat.useItem.324":48,"stat.useItem.53":127,"stat.useItem.25":7,"stat.useItem.30":6,"stat.useItem.2262":1,"stat.useItem.361":6,"stat.useItem.151":5,"stat.useItem.23":3,"stat.useItem.49":1,"stat.useItem.5":2029,"stat.useItem.31":52,"stat.flyOneCm":3922364,"stat.useItem.160":85,"stat.useItem.95":8,"stat.useItem.2256":1,"stat.useItem.38":34,"stat.useItem.47":50,"stat.useItem.355":24,"stat.useItem.86":19,"stat.useItem.380":9,"stat.useItem.294":47,"stat.useItem.321":112,"stat.useItem.69":58,"stat.useItem.2260":2,"stat.climbOneCm":3832,"stat.useItem.156":49,"stat.killEntity.Chicken":2,"stat.useItem.39":7,"stat.drop":12,"stat.useItem.18":313,"stat.useItem.135":10,"stat.useItem.175":52,"stat.useItem.392":28,"stat.useItem.164":578,"stat.useItem.356":6,"achievement.mineWood":1,"stat.useItem.154":7,"stat.useItem.159":180,"stat.useItem.106":20,"stat.useItem.17":96,"stat.useItem.328":1,"stat.useItem.84":7,"stat.useItem.2267":1,"stat.playOneMinute":1283996,"stat.useItem.163":4,"stat.useItem.123":51,"stat.useItem.108":4,"stat.useItem.155":4,"stat.useItem.76":13,"stat.leaveGame":5,"stat.diveOneCm":1833,"stat.useItem.6":45,"stat.useItem.391":6,"stat.useItem.131":8,"stat.useItem.287":21,"stat.useItem.54":22,"stat.killEntity.Villager":44,"stat.useItem.109":27,"stat.useItem.61":1,"stat.useItem.134":268,"stat.useItem.85":226,"stat.useItem.116":1,"stat.useItem.383":10,"stat.useItem.114":2,"stat.useItem.107":4,"stat.swimOneCm":1930,"stat.useItem.161":35,"stat.mobKills":47,"stat.useItem.162":955,"stat.useItem.390":43,"stat.useItem.171":75,"stat.horseOneCm":2741,"stat.useItem.397":4,"stat.useItem.98":120,"stat.walkOneCm":1919028,"stat.useItem.77":12,"stat.useItem.145":2,"stat.useItem.44":66,"stat.useItem.276":4,"stat.useItem.148":6,"stat.useItem.82":1,"stat.jump":1595,"stat.useItem.331":14,"stat.useItem.2265":1,"stat.useItem.102":163,"stat.useItem.138":47}