{"achievement.openInventory":72,"stat.damageDealt":15,"stat.useItem.23":2,"stat.useItem.3":905,"stat.useItem.351":9,"achievement.exploreAllBiomes":{"value":0,"progress":["Sunflower Plains","Forest","Extreme Hills+","Extreme Hills","Ocean","Plains","Beach","River","Stone Beach","ForestHills"]},"stat.useItem.50":202,"stat.useItem.126":58,"stat.useItem.5":530,"stat.flyOneCm":1186387,"stat.drop":1,"stat.useItem.135":71,"stat.useItem.78":1,"stat.useItem.76":1,"stat.leaveGame":8,"stat.diveOneCm":3485,"stat.useItem.6":1,"stat.playOneMinute":465685,"stat.useItem.17":491,"stat.useItem.134":120,"stat.killEntity.Pig":1,"stat.useItem.85":84,"stat.jump":190,"stat.useItem.1":119,"stat.swimOneCm":13628,"stat.useItem.20":290,"stat.mobKills":1,"stat.walkOneCm":77563,"stat.useItem.44":251,"stat.useItem.67":21}