{"stat.useItem.72":2,"achievement.openInventory":27,"stat.useItem.97":399,"stat.useItem.3":694,"stat.useItem.65":3,"achievement.exploreAllBiomes":{"value":0,"progress":["Forest","Sunflower Plains","Taiga M","Extreme Hills","Plains","River"]},"stat.useItem.49":23,"stat.useItem.48":14,"stat.useItem.5":549,"stat.useItem.160":43,"stat.useItem.4":35,"stat.flyOneCm":450037,"stat.leaveGame":1,"stat.diveOneCm":23396,"stat.useItem.79":35,"stat.playOneMinute":122784,"stat.useItem.163":4,"stat.useItem.109":34,"stat.useItem.85":23,"stat.jump":59,"stat.swimOneCm":19748,"stat.useItem.113":11,"stat.useItem.13":55,"stat.useItem.12":46,"stat.walkOneCm":114543,"stat.useItem.44":128}