{"stat.useItem.173":35,"stat.useItem.3":8,"stat.useItem.65":4,"achievement.exploreAllBiomes":{"value":0,"progress":["Sunflower Plains","Extreme Hills+","Deep Ocean","Taiga","Ocean","Extreme Hills","TaigaHills","Plains","Forest","Taiga M","Beach","River","Stone Beach"]},"stat.useItem.324":8,"stat.useItem.404":2,"stat.useItem.25":25,"stat.useItem.48":3,"stat.useItem.157":4,"stat.useItem.30":31,"stat.useItem.89":1,"achievement.openInventory":288,"stat.useItem.151":10,"stat.damageDealt":1940,"stat.useItem.97":1,"stat.useItem.96":25,"stat.useItem.50":1,"stat.useItem.49":11,"stat.useItem.323":44,"stat.useItem.5":1662,"stat.flyOneCm":1275700,"stat.useItem.33":2,"stat.useItem.160":12,"stat.useItem.95":64,"stat.useItem.88":2,"stat.useItem.47":15,"stat.useItem.355":10,"stat.useItem.86":2,"stat.useItem.380":2,"stat.useItem.321":20,"stat.useItem.152":60,"stat.useItem.69":5,"stat.killEntity.EntityHorse":1,"stat.climbOneCm":1269,"stat.useItem.156":86,"stat.killEntity.Chicken":2,"stat.drop":9,"stat.useItem.135":75,"stat.useItem.175":24,"stat.useItem.29":14,"stat.useItem.154":7,"stat.useItem.159":5,"stat.useItem.272":8,"stat.useItem.84":16,"stat.useItem.129":2,"stat.playOneMinute":316170,"stat.useItem.123":35,"stat.useItem.155":40,"stat.useItem.76":5,"stat.leaveGame":10,"stat.diveOneCm":10996,"stat.useItem.158":10,"stat.useItem.131":6,"stat.useItem.330":13,"stat.useItem.287":8,"stat.killEntity.Villager":1,"stat.useItem.61":21,"stat.useItem.85":4,"stat.useItem.80":864,"stat.useItem.116":18,"stat.useItem.383":78,"stat.animalsBred":2,"stat.useItem.114":2,"stat.useItem.107":10,"stat.swimOneCm":4478,"stat.useItem.113":13,"stat.useItem.161":11,"stat.killEntity.Ozelot":5,"stat.mobKills":9,"stat.useItem.171":13,"stat.useItem.390":5,"stat.useItem.397":15,"stat.walkOneCm":910242,"stat.useItem.145":53,"stat.useItem.35":186,"stat.useItem.170":20,"stat.useItem.44":31,"stat.useItem.276":15,"stat.useItem.82":66,"stat.jump":1262,"stat.useItem.1":48,"stat.useItem.331":17,"stat.useItem.13":132,"stat.useItem.12":97,"stat.useItem.138":2,"stat.useItem.28":5}