{"stat.craftItem.298":1,"stat.useItem.173":8,"stat.useItem.3":100,"stat.useItem.351":121,"achievement.exploreAllBiomes":{"value":0,"progress":["Sunflower Plains","Forest","Extreme Hills+","Taiga M","Taiga","Deep Ocean","Extreme Hills","Ocean","TaigaHills","Beach","Plains","River","ForestHills"]},"stat.useItem.324":12,"stat.useItem.126":119,"stat.useItem.53":7,"stat.useItem.143":2,"stat.useItem.30":7,"stat.useItem.89":25,"achievement.openInventory":297,"stat.damageDealt":10,"stat.useItem.97":4,"stat.useItem.96":4,"stat.useItem.50":22,"stat.useItem.259":3,"stat.useItem.5":2340,"stat.useItem.323":29,"stat.useItem.355":3,"stat.flyOneCm":2688551,"stat.useItem.33":1,"stat.useItem.321":50,"stat.useItem.160":176,"stat.useItem.69":5,"stat.climbOneCm":27746,"stat.useItem.156":12,"stat.drop":67,"stat.useItem.135":8,"stat.useItem.47":15,"stat.useItem.175":46,"stat.useItem.164":7,"stat.useItem.154":5,"stat.useItem.17":93,"stat.craftItem.300":1,"stat.useItem.84":1,"stat.playOneMinute":427693,"stat.useItem.163":60,"stat.useItem.123":8,"stat.craftItem.301":1,"stat.useItem.155":8,"stat.useItem.76":1,"stat.leaveGame":11,"stat.diveOneCm":22374,"stat.useItem.6":49,"stat.useItem.287":6,"stat.useItem.54":14,"stat.useItem.109":68,"stat.useItem.134":49,"stat.useItem.85":28,"stat.useItem.383":44,"stat.craftItem.299":1,"stat.useItem.81":2,"stat.useItem.114":371,"stat.boatOneCm":10460,"stat.useItem.329":1,"stat.useItem.107":4,"stat.swimOneCm":10850,"stat.useItem.171":118,"stat.horseOneCm":239367,"stat.useItem.397":1,"stat.useItem.98":29,"stat.walkOneCm":1694891,"stat.useItem.77":8,"stat.useItem.145":2,"stat.useItem.35":13,"stat.useItem.44":299,"stat.jump":1565,"stat.useItem.13":537,"stat.useItem.12":1}